key,en,jp,ko,zh,cn,vi
RAPE_RETURN_GUIDE,Return,帰還,귀환,返回,返回,Trở về
QUEST_PROCESS_FIND_ROUTE,Discover %d+ Anomalies,異変を%d個以上発見,이변 %d개 이상 발견,發現%d個以上異變,发现%d个以上异变,Phát hiện từ %d hiện tượng lạ
TUTO_TITLE_KONIAL_H,Konial H,コニアルH,코니알 H,科尼亞爾H,科尼亚尔H,Cảnh H Konial
TUTO_BUTLER_H_2,"Help the Butler, whose detection abilities have weakened, collect the lost items scattered throughout the train cars.
The Butler's Affection increases each time you retrieve a Lost Item Box.
Information on which cars contain lost items can be purchased at the Exchange Shop.","感知能力が弱体化した執事を助け、車両のあちこちに散らばった落とし物を回収してください。
落とし物ボックスを獲得するたびに、執事の好感度が上昇します。
落とし物がある車両の情報は、交換ショップで購入できます。","감지 능력이 약해진 집사를 도와 전차칸 곳곳에 퍼진 분실물을 수거해 주세요.
분실물 상자를 획득할 때마다 집사의 호감도가 상승합니다.
분실물이 위치한 전차칸의 정보는 교환샵에서 구매할 수 있습니다.","請幫助感知能力減弱的執事，收集散落在各節車廂的失物。
每獲得一個失物箱，執事的好感度就會提升。
失物所在車廂的資訊可在兌換商店購買。","请帮助感知能力减弱的执事，收集散落在各节车厢的失物。
每获得一个失物箱，执事的好感度就会提升。
失物所在车厢的资讯可在兑换商店购买。","Hãy giúp Quản gia, người có khả năng cảm ứng bị suy yếu, thu thập các món đồ thất lạc rải rác khắp các toa tàu. Mỗi lần bạn thu hồi một Hộp Đồ Thất Lạc, Thiện cảm của Quản gia sẽ tăng lên. Thông tin về việc toa tàu nào có chứa đồ thất lạc có thể được mua tại Cửa hàng Trao đổi."
ROUTE_APP_MSG_NEEDCOIN,Not enough Coins.,コインが不足しています。,코인이 부족합니다.,紀念硬幣不足。,纪念硬币不足。,Không đủ Xu.
NOW_DESTINATION_COMFIRMED,Route Set,路線設定完了,노선 설정됨,路線已設定,路线已设置,Tuyến đường đã được thiết lập
SCENE_LYING_KISS,Lying Down & Kissing,添い寝キス,누워서 키스하며,躺著親吻,躺着亲吻,Nằm hôn nhau
QUEST_PROCESS_COLLECT_ITEM,Collect %d+ Items,景品%d個以上収集,상품 %d개 이상 수집,收集%d個以上道具,收集%d个以上道具,Thu thập từ %d vật phẩm
TUTO_BUTLER_H_1,"To engage in sexual activities with the Butler in human form, you must raise her Affection.
Hearts drop when you engage in sexual activities with Reina or Mai at the starting point. Collecting them raises the Butler's Affection.","人間の姿になった執事とエッチするには、好感度を上げる必要があります。
開始地点で怜奈や舞とエッチするとハートがドロップし、それを獲得すると執事の好感度が上がります。","인간으로 변한 집사와 H를 위해선 호감도를 올려야 합니다.
시작지점에서 레이나 혹은 마이와 H하면 하트가 드롭되며 획득시 집사의 호감도가 오릅니다.","若想與變成人類型態的執事進行親密互動，需要先提升她的好感度。
在起始點與怜奈或舞進行親密互動時會掉落愛心，獲取後可提升執事的好感度。","若想与变成人类型态的执事进行亲密互动，需要先提升她的好感度。
在起始点与怜奈或舞进行亲密互动时会掉落爱心，获取后可提升执事的好感度。","Để kích hoạt các hoạt động thân mật với Quản gia trong dạng người, bạn phải tăng điểm Thiện cảm của cô ấy. Trái tim sẽ rơi ra khi bạn thực hiện hoạt động thân mật với Reina hoặc Mai tại điểm xuất phát. Thu thập chúng sẽ giúp tăng điểm Thiện cảm của Quản gia."
SYSTEM_EXIT_CONFIRM_DESCRIPTION,Exit the game?,ゲームを終了しますか？,게임을 종료할까요?,確定要結束遊戲嗎？,确定要结束游戏吗？,Bạn có muốn thoát game không?
DESTINATION_D_RULET,Collab Car,コラボ車両,콜라보 칸,合作車廂,合作车厢,Toa liên kết
NOTI_NEW_ROUTE_ADDED,New Terminal registered.,新しい終点情報が登録されました。,새로운 종착점 정보가 등록되었습니다.,新的終點站資訊已紀錄。,新的终点站信息已纪录。,Đã ghi nhận ga cuối mới.
NOTI_LOVE_LEVEL_UP_BONUS_TICKET,Affection Bonus Ticket + %d,好感度上昇ボーナス チケット + %d,호감도 상승 보너스 티켓 + %d,好感度提升獎勵票券 + %d,好感度提升奖励票券 + %d,Vé thưởng tăng Thiện cảm + %d
INVENTORY_TITLE,Inventory,所持品,소지품,持有物,持有物,Túi đồ
ROUTE_TITLE_WATCHER,Watching,監視,감시,監視,监视,Giám sát
QUEST_PROCESS_GOAL_COUNT,Complete %d+ runs,完走回数%d回以上,완주 횟수 %d회 이상,完成全程%d次以上,完成全程%d次以上,Hoàn thành từ %d lượt chạy
ROUTE_INFO_SEATEYE,Please be careful not to sit right on it.,うっかり座ってしまわぬよう、ご注意くださいませ。,그대로 앉아버리지 않게 조심하십시오.,請小心不要直接坐上去。,请小心不要直接坐上去。,Xin hãy cẩn thận đừng vô tình ngồi thẳng lên đó.
SCENE_FIRST_SEX,First Time,初セックス,첫 섹스,初體驗,初体验,Lần đầu tiên
BOX_MAP_ITEM_3_TITLE,Lost Item Location Hint -3-,落とし物位置のヒント -3-,분실물 위치 힌트 -3-,失物位置提示 -3-,失物位置提示 -3-,Gợi ý vị trí đồ thất lạc -3-
ROUTE_COIN,Commemorative Coin,記念硬貨,기념 주화,紀念硬幣,纪念硬币,Xu kỷ niệm
OPTION_TAB_SCREEN,Display,画面,화면,畫面,画面,Hiển thị
LOVE_BONUS_DESCRIPTION,Gain bonus Affection from your accompanying heroine with each successful exploration.,探索に成功する毎に、同行ヒロインの追加好感度を獲得します。,탐색에 성공할 때마다 동행 히로인의 추가 호감도를 얻습니다,每次探索成功時，可額外獲得同行女主角的好感度。,每次探索成功时，可额外获得同行女主角的好感度。,Nhận thêm điểm Thiện cảm từ nữ chính đồng hành sau mỗi lần thám hiểm thành công.
EXIT_CONFIRM,Main Menu,メインメニューへ,메인 메뉴로,返回主選單,返回主菜单,Menu chính
ROUTE_APP_NOT_FIND,Not detected,未探知,탐지 못함,未探測,未探测,Không phát hiện
VIEW_MODE_TITLE,R Key: Observation Mode,Rキー：観察モード,R키 : 관찰 모드,R鍵：觀察模式,R键：观察模式,Phím R: Chế độ quan sát
SPEED_UP,Love Love Lotion,ラブラブローション,러브러브 로션,愛愛潤滑液,爱爱润滑液,Gel bôi trơn tình yêu
SCENE_FULL_NELSON,Full Nelson,フルネルソン,풀 넬슨,全尼爾森體位,全尼尔森体位,Tư thế bẻ cánh én (Full Nelson)
CREDIT_PUBLISHED_BY,Published by,販売元,배급,發行,发行,Phát hành bởi
LOAD_GAME,Load,ロード,불러 오기,讀取,读取,Tải game
SCENE_MISSIONARY,Missionary,正常位,정상위,傳教士體位,传教士体位,Tư thế truyền thống (Missionary)
ROUTE_INFO_PANCHIRA,Please check the advertisements up above carefully as well.,上の方の広告看板も、隅々まで確認してみてくださいませ。,위쪽 광고판들도 자세히 확인해 보세요.,上方的廣告牌也請仔細確認一下。,上方的广告牌也请仔细确认一下。,Xin hãy kiểm tra kỹ lưỡng cả các biển quảng cáo ở phía trên nữa nhé.
BOX_MAP_ITEM_1_INFO,"A slip of paper with lost item locations.
Marks train cars containing lost items from cars 1-20 on your Kankan Navi.","落とし物の位置が記された紙。
1～20号車のうち、落とし物がある車両をシャリョーナビに表示します。","분실물의 위치가 적힌 종이입니다.
1~20번 칸 중 분실물이 있는 전차칸을 칸칸네비에 표시합니다.","記載著失物位置的紙張。
將第1～20節車廂中藏有失物的電車車廂標示在車廂導航上。","记载着失物位置的纸张。
将第1～20节车厢中藏有失物的电车车厢标示在车厢导航上。",Một mảnh giấy ghi chép vị trí của các món đồ thất lạc. Đánh dấu các toa tàu có chứa đồ thất lạc từ toa 1 đến toa 20 trên Bản đồ dẫn đường của bạn.
CREDIT_THANKSFORPLAY,Thanks for Playing,プレイしていただきありがとうございます,플레이해주셔서 감사합니다,感謝遊玩,感谢游玩,Cảm ơn bạn đã chơi game
DESTINATION_HINT_MIRROR_INFO,"...Pazuzu! I never expected you to volunteer so eagerly for this mission. I don't know what this means to you, but make sure there are no mistakes this time.
Here, this is a [color=#ADFF2F]cipher[/color]. Don't you dare forget it, understood?","……パズズ！ お前がここまで積極的に任務を志願するとはな。お前にとってどんな意味があるのかは知らんが、今回はしくじるなよ。
ほら、これは[color=#ADFF2F]暗号文[/color]だ。絶対に忘れるんじゃないぞ？","..파주주! 네가 이렇게 적극적으로 이 임무에 자원할 줄 몰랐어. 네게 어떤 의미가 있는 지 모르겠지만, 이번엔 실수 없도록 해.
자, 이건 [color=#ADFF2F]암호문[/color]. 절대 잊어버리면 안된다?'","……帕祖祖！沒想到你會這麼積極自願參加這個任務。雖然不知道這對你有什麼意義，但這次別再出差錯了。
來，這是[color=#ADFF2F]暗號文[/color]。絕對不能弄丟，聽到沒？","……帕祖祖！没想到你会这么积极自愿参加这个任务。虽然不知道这对你有什么意义，但这次别再出差错了。
来，这是[color=#ADFF2F]暗号文[/color]。绝对不能弄丢，听到没？","...Pazuzu! Ta không ngờ ngươi lại hăng hái tự nguyện nhận nhiệm vụ này đến thế. Ta không biết việc này có ý nghĩa gì với ngươi, nhưng hãy chắc chắn rằng lần này không được xảy ra bất kỳ sai sót nào đấy. Này, đây là [color=#ADFF2F]mật thư[/color]. Tuyệt đối không được quên đấy nhé, rõ chưa?"
DETECT_AREA_UP_DESCRIPTION,Expands the detection range.,感知範囲を拡大します。,감지 영역을 늘립니다,擴大感知範圍。,扩大感知范围。,Mở rộng phạm vi phát hiện.
ROUTE_NOT_FIND,Undiscovered,未発見,미발견,未發現,未发现,Chưa phát hiện
SCENE_DOOR_STUCK,Stuck in Door,ドア挟み,문 끼임,被門夾住,被门夹住,Kẹt ở cửa
SHOP_TICKET_NUM,Tickets:,チケット：,티켓 :,票券：,票券：,Số vé:
ROUTE_TITLE_WHITE,White Liquid,白い液体,하얀 액체,白色液體,白色液体,Chất lỏng màu trắng
COLA_FINDER_DESCRIPTION,Move around until the cola explodes to reveal the Anomaly's location.,コーラが爆発するまで動くと、異変の位置を知らせます。,콜라가 폭발할 때까지 움직이면 이변의 위치를 알려줍니다,持續移動直到可樂爆開，即可得知異變的位置。,持续移动直到可乐爆开，即可得知异变的位置。,Hãy di chuyển liên tục cho đến khi chai cola phát nổ để làm hiển thị vị trí của Hiện tượng lạ.
LIFE_UP,Okaboshi 0.00001,オカボシ 0.00001,오카보시 0.00001,岡星 0.00001,冈星 0.00001,Ngôi sao may mắn 0.00001
CHAPTER_CHANGING_NEW_ANOMALY,New anomalies have been added.,新たな異変が追加されました。,새로운 이변이 추가되었습니다.,已新增新的異變。,已新增新的异变。,Đã thêm các hiện tượng lạ mới.
NOTI_NOT_ENOUGH_TICKET,Not enough Tickets.,チケットが不足しています。,티켓이 부족합니다.,票券不足。,票券不足。,Không đủ Vé.
ROUTE_APP_MSG_UNLOCKROUTE,Unlock Route,車両のアンロック,노선 해제,路線解鎖,路线解锁,Mở khóa tuyến đường
ROUTE_TITLE_BUTTON,Button,ボタン,버튼,按鈕,按钮,Nút bấm
DESTINATION_HINT_LOWSPEED_INFO,"Train 45 is fully equipped with auxiliary facilities for socially vulnerable passengers!
In addition to [color=#ADFF2F]priority seating[/color] and [color=#ADFF2F]tactile paving blocks[/color] installed at every entrance, we are proud to announce the first-ever introduction of an [color=#ADFF2F]ultra-slow safety zone[/color] across all Routes!
This slow zone operates at approximately 20% of regular train speed to prevent unforeseen accidents...(omitted)


""...So slow it makes me nauseous. Probably faster to just run. Can't believe it really takes an hour to the next station.""","『当45番電車は、社会的弱者のための補助設備も完備しております！
[color=#ADFF2F]優先席[/color]や出入り口ごとの[color=#ADFF2F]点字ブロック[/color]はもちろん、安全のための[color=#ADFF2F]超低速[/color]区間を全路線で初めて導入決定いたしました！
この低速区間は、従来の20％程度の速度で運行し、不慮の事故を予防……（中略）』

……遅すぎて酔うわ。走ったほうが速いんじゃないか。次の駅まで1時間かかるってマジだったんだな。","저희 45번 전차는 사회적 취약 계층을 위한 보조 설비 또한 완비 해 놓았습니다!
[color=#ADFF2F]노약자석[/color]과 출입구마다 설치된 [color=#ADFF2F]점자 블록[/color]은 물론, 안전을 위한 [color=#ADFF2F]초 저속[/color] 구간을 전 노선 최초로 도입 결정하였습니다!
이 저속 구간은 기존 전차 속력의 20프로정도로 운행되어 불의의 사고를 예방..(중략)'

'..너무 느려서 멀미남. 차라리 뛰어가는 게 빠를 듯. 다음 역까지 한 시간 걸린다는 게 진짜였네.'","本45號列車已為社會弱勢族群完備各項輔助設施！
除了[color=#ADFF2F]博愛座[/color]和每個出入口設置的[color=#ADFF2F]導盲磚[/color]之外，更率先全路線首創導入安全用[color=#ADFF2F]超慢速[/color]區間！
此慢速區間以既有電車速度的20%運行，預防意外事故……（中略）

「……慢到讓人想吐。還不如用跑的比較快。到下一站要一小時是真的耶。」","本45号列车已为社会弱势族群完备各项辅助设施！
除了[color=#ADFF2F]博爱座[/color]和每个出入口设置的[color=#ADFF2F]导盲砖[/color]之外，更率先全路线首创导入安全用[color=#ADFF2F]超慢速[/color]区间！
此慢速区间以既有电车速度的20%运行，预防意外事故……（中略）

「……慢到让人想吐。还不如用跑的比较快。到下一站要一小时是真的耶。」
","Tuyến tàu số 45 của chúng tôi được trang bị đầy đủ các cơ sở vật chất hỗ trợ cho những hành khách cần được ưu tiên! Ngoài [color=#ADFF2F]ghế ưu tiên[/color] và [color=#ADFF2F]vạch chỉ dẫn nổi[/color] được lắp đặt ở mỗi lối ra vào, chúng tôi tự hào công bố lần đầu tiên đưa vào hoạt động khu vực [color=#ADFF2F]tốc độ siêu chậm[/color] trên toàn tuyến để đảm bảo an toàn! Khu vực chậm này vận hành ở mức khoảng 20% tốc độ tàu thông thường nhằm ngăn ngừa các tai nạn đáng tiếc... (lược dịch)\n\n...Chậm đến phát nôn. Thà chạy bộ có khi còn nhanh hơn. Không ngờ việc mất cả tiếng đồng hồ để đến ga tiếp theo là có thật."
ROUTE_APP_MSG_UNLOCKBUTTON,"Press to
Unlock","押して
アンロック","눌러서
잠금 해제","點擊
解鎖","点击
解锁",Nhấn để\nMở khóa
TUTO_BASE_H_ACTION_2,"Press the up arrow key to adjust the speed of the sexual activity. During sex scenes, accumulated Lust is continuously consumed. Press the down key to lock in the current speed.
When the gauge fills up, you'll ejaculate, and the consumed Lust converts into Tickets.
Higher Affection means better quality Tickets.","上方向キーを押してエッチの速度を調節できます。エッチ中は溜まった情念が持続的に消費され、下方向キーを押すとその速度で固定できます。
ゲージがいっぱいになると射精し、消費された情念がチケットに変換されます。
好感度が高いほど、より高品質なチケットを獲得できます。","위쪽 방향키를 눌러 H 속도를 조절할 수 있습니다. H중엔 쌓인 정념이 지속적으로 소모되며 아래 키를 눌러 해당 속도로 고정할 수 있습니다.
게이지가 가득 차면 사정하며, 소모된 정념이 티켓으로 변화합니다.
호감도가 높을 수록 더 좋은 품질의 티켓을 획득 가능합니다.","按上方向鍵可調節H速度。H期間累積的情念會持續消耗，按下鍵可固定當前速度。
計量條滿後即會射精，消耗的情念將轉化為票券。
好感度越高，獲得的票券品質越好。","按上方向键可调节H速度。 H期间累积的情念会持续消耗，按下键可固定当前速度。
计量条满后即会射精，消耗的情念将转化为票券。
好感度越高，获得的票券品质越好。","Nhấn phím mũi tên Lên để điều chỉnh tốc độ hoạt động thân mật. Trong các phân cảnh H, điểm Dục vọng tích lũy sẽ liên tục bị tiêu hao. Nhấn phím Xuống để cố định tốc độ hiện tại. Khi thanh đo đầy, bạn sẽ xuất tinh và điểm Dục vọng đã tiêu hao sẽ được chuyển đổi thành Vé. Điểm Thiện cảm càng cao thì chất lượng Vé thu được càng tốt."
TUTO_BASE_H_ACTION_3,"You can change positions during sex scenes using the left and right keys!
You won't earn Tickets without enough Lust, so build it up through exploration.
Exchange your collected Tickets for items to explore more efficiently and quickly.","エッチ中も左右方向キーを押すと、別の体位に変更できます！
情念が不足するとチケットを獲得できないため、探索を行って情念を溜めてください。
集めたチケットでアイテムを交換し、より効率的かつスピーディーに探索を進められます。","H중에도 좌,우 키를 눌러 다른 체위로 변경할 수 있습니다!
정념이 부족하면 티켓을 획득할 수 없으니 탐색을 통해 정념을 쌓아 주세요.
모은 티켓으로 상품을 교환해 더 효율적이고 빠르게 탐색을 진행할 수 있습니다.","H期間也可按左、右鍵切換其他體位！
情念不足時無法獲得票券，請透過探索累積情念。
用收集的票券兌換道具，可更有效率地推進探索。","H期间也可按左、右键切换其他体位！
情念不足时无法获得票券，请透过探索累积情念。
用收集的票券兑换道具，可更有效率地推进探索。","Bạn có thể thay đổi tư thế trong các phân cảnh H bằng cách sử dụng các phím Trái và Phải! Bạn sẽ không thể kiếm được Vé nếu không có đủ điểm Dục vọng, vì vậy hãy tích lũy điểm này thông qua việc thám hiểm. Hãy đổi Vé đã thu thập để lấy các vật phẩm nhằm thám hiểm hiệu quả và nhanh chóng hơn."
ROUTE_APP_CONFIRM_ROUTE,"Confirm
Route","ルート
確定","경로
확정","路線
確定","路线
确定",Xác nhận\nTuyến đường
<!MissingKey:50:You grew closer to Butler.>,You grew closer to Butler.,執事とさらに仲良くなったようだ。,집사와 더 친해진 거 같다.,跟執事的關係似乎變得更親近了……,跟执事的关系似乎变得更亲近了……,Có vẻ bạn đã trở nên thân thiết hơn với Quản gia.
TUTO_BASE_H_ACTION_1,"At the starting point, you can convert accumulated Lust into Tickets through sex scenes with your partner.
Use the left and right arrow keys and the select key to choose your desired sex scene.
Raise Affection and view events to unlock more positions.
Your partner's preferred position changes each time. Selecting a heart-marked position earns bonus Tickets.","開始地点では、パートナーとのエッチを通じて溜まった情念をチケットに変換できます。
左右の方向キーと選択キーを押して、希望のエッチシーンを選択できます。
好感度を上げてイベントを見ると、より多くの体位がアンロックされます。
行為毎にパートナーが好む体位は変化し、ハートマークのついた体位ではボーナスチケットを獲得できます。","시작 지점에서는 파트너와 H를 통해 쌓인 정념을 티켓으로 환산할 수 있습니다.
좌, 우 방향키와 선택 키를 눌러 원하는 H씬을 선택할 수 있습니다.
호감도를 올려 이벤트를 감상하면 더 많은 체위가 해금됩니다.
매번 파트너가 선호하는 체위가 변경되며 하트 표시된 체위는 보너스 티켓을 획득할 수 있습니다.","在起始點可透過與夥伴進行H，將累積的情念轉換為票券。
使用左、右方向鍵和確認鍵選擇想要的H場景。
提升好感度並觀看事件後，可解鎖更多體位。
每次夥伴偏好的體位會改變，標有愛心的體位可獲得額外票券。","在起始点可透过与伙伴进行H，将累积的情念转换为票券。
使用左、右方向键和确认键选择想要的H场景。
提升好感度并观看事件后，可解锁更多体位。
每次伙伴偏好的体位会改变，标有爱心的体位可获得额外票券。","Tại điểm xuất phát, bạn có thể chuyển đổi điểm Dục vọng tích lũy thành Vé thông qua việc thực hiện hoạt động thân mật với bạn đồng hành. Sử dụng phím mũi tên Trái/Phải và phím Chọn để chọn phân cảnh H mong muốn. Hãy nâng cao điểm Thiện cảm và xem các sự kiện để mở khóa thêm nhiều tư thế hơn. Tư thế ưu thích của bạn đồng hành sẽ thay đổi sau mỗi lần thực hiện, chọn tư thế có đánh dấu trái tim sẽ nhận được vé thưởng."
BUTTON_SELECT,Select,選択,선택,選擇,选择,Chọn
ROUTE_INFO_PRIORITYSEAT,The seats at the end are priority seating. Please pay close attention to the signage.,端の座席は優先席でございます。案内板を注意深くご覧くださいませ。,가장자리 좌석은 노약자석입니다. 안내판을 주의깊게 봐주세요.,邊緣的座位是博愛座。請仔細查看告示牌。,边缘的座位是博爱座。请仔细查看告示牌。,Các ghế ở góc là ghế ưu tiên. Hãy chú ý kỹ đến biển báo hướng dẫn nhé.
CLEAR_NUM,Times Cleared,クリア回数,클리어 횟수,通關次數,通关次数,Số lần hoàn thành
ERO_GAUGE_COMSUME_UP,Retro Game Console,レトロゲーム機,레트로 게임기,復古遊戲機,复古游戏机,Máy chơi game cổ điển
SCENE_KISSING_FACING,Face-to-Face Kissing,対面座位(キス),키스하며 대면,面對面接吻,面对面接吻,Hôn nhau đối mặt
DESTINATION_HINT_HANDFAN_TITLE,Torn Fan,破れたうちわ,찢어진 부채,破爛的扇子,破烂的扇子,Chiếc quạt rách
NOTI_CHAPTER_LOVE_LEVEL_LIMIT,I feel like we'll get closer if the story progresses.,物語を進めれば、もっと親しくなれそうだ。,이야기를 진행하면 더 친해질 거 같다.,推進劇情的話，好像能變得更親近。,推进剧情的话，好像能变得更亲近。,Có vẻ chúng ta sẽ trở nên thân thiết hơn khi cốt truyện tiến triển.
ROUTE_INFO_FELLATION,Wasn't there a woman in the advertisement with something in her mouth?,広告の中の女性が、何かを口に咥えてはいませんでしたか？,광고 속 여성이 무언가를 입에 물고 있진 않았습니까?,廣告裡的女性，嘴裡是不是含著什麼東西呢？,广告里的女性，嘴里是不是含着什么东西呢？,Chẳng phải người phụ nữ trong ảnh quảng cáo đang ngậm thứ gì đó trong miệng sao?
FREE_H_SCENE_DOWN_KEY,"S, Down Key",S、下キー,"S, 아래 키",S、下鍵,S、下键,"Phím S, mũi tên Xuống"
DESTINATION_HINT_ONSEN_INFO,"A flyer from inside the train. The date has long since passed.
""...A hot spring experience inside a train car? Is that even possible?""
""That's why it got trashed and shut down early.
[color=#ADFF2F]The whole car flooded[/color]... and [color=#ADFF2F]white water was pouring from the ceiling[/color]. They say [color=#ADFF2F]the windows were so fogged up[/color] you couldn't see the scenery at all.""
""White water... could that be limestone water?...""","車内の広告チラシ。日付はだいぶ昔のものだ。
『……車内で温泉体験ができる特別客室？…正気かよ？』
『だから文句言われまくって早期終了したんだよ。[color=#ADFF2F]あちこち浸水する[/color]わ……天井からも[color=#ADFF2F]白い謎の液体がボタボタ滴ってくる[/color]わ。[color=#ADFF2F]窓は全部結露[/color]して風景なんて全く見えなかったらしいし』
『白い液体って……石灰水か何かか？……』","전차 내 광고 전단이다. 날짜는 한참 전에 지나 버렸다.
'..전차칸 내에서 온천 체험이 가능한 특별 객실? 이게 말이 돼?'
'그래서 욕만 먹고 조기 종료됐어.
칸 [color=#ADFF2F]곳곳이 침수되고[/color].. 천장에서 [color=#ADFF2F]하얀 물이 마구 떨어졌다[/color]나. [color=#ADFF2F]창문은 김이 서려[/color] 풍경은 전혀 보이지도 않았다는데.'
'하얀 물이라면.. 석회수 아냐?..'","電車內的廣告傳單。日期早就過了很久了。
「……在電車車廂內體驗溫泉的特別包廂？這說得過去嗎？」
「所以被罵得很慘，提前結束了。」
「車廂[color=#ADFF2F]到處都淹水[/color]……天花板還會[color=#ADFF2F]滴下白色的水[/color]。據說[color=#ADFF2F]窗戶全是霧氣[/color]，根本看不到外面的風景。」
「白色的水……該不會是石灰水吧……」","电车内的广告传单。日期早就过了很久了。
「……在电车车厢内体验温泉的特别包厢？这说得过去吗？」
「所以被骂得很惨，提前结束了。」
「车厢[color=#ADFF2F]到处都淹水[/color]……天花板还会[color=#ADFF2F]滴下白色的水[/color]。据说[color=#ADFF2F]窗户全是雾气[/color]，根本看不到外面的风景。」
「白色的水……该不会是石灰水吧……」","Đây là tờ rơi quảng cáo trên tàu. Ngày tháng trên đó đã qua từ lâu rồi.\n\n""...Toa đặc biệt cho phép trải nghiệm suối nước nóng ngay trên tàu? Có thật không vậy?""\n""Thế nên mới bị chỉ trích và đóng cửa sớm đấy. Toa tàu [color=#ADFF2F]bị ngập nước khắp nơi[/color]... và [color=#ADFF2F]nước màu trắng cứ thế đổ xuống từ trần nhà[/color]. Người ta nói [color=#ADFF2F]các cửa sổ đều bị mờ sương[/color] đến nỗi chẳng nhìn thấy gì bên ngoài cả.""\n""Nước màu trắng... có phải là nước vôi không nhỉ?..."""
CREDIT_BACKGROUND,Background,背景,배경,背景,背景,Bối cảnh
RETURN_BASE_CONFIRM_DESCRIPTION,Return to the starting point?,スタート地点に戻りますか？,시작 지점으로 돌아갈까요?,是否返回起始位置？,是否返回起始位置？,Bạn có muốn quay lại điểm xuất phát không?
SCENE_SWIMSUIT,Swimsuit,水着,수영복,泳裝,泳装,Đồ bơi
OPTION_MASTER_VOLUME,Master Volume,全体音量,전체 음량,整體音量,整体音量,Âm lượng tổng
NOTI_LOVE_EXP_BONUS,Affection + %d,好感度 + %d,호감도 + %d,好感度 + %d,好感度 + %d,Thiện cảm + %d
UNVISIT_FINDER_DESCRIPTION,"A rectangular tablet of unknown purpose.
If you encounter previously visited cars a certain number of times, you'll be moved to an undiscovered car next.
Route must not be set.","用途不明の四角い板。
発見済みの車両への進入が一定回数続いた場合、次は未発見の車両へ移動します。
路線が指定されていない状態である必要があります。","용도를 알 수 없는 사각 판입니다
일정 횟수동안 이미 발견한 전차칸이 나올 경우, 다음 번 칸은 미발견 칸으로 이동합니다
노선이 지정되지 않은 상태여야 합니다","用途不明的方形板。
若連續一定次數出現已發現的電車車廂，下一節車廂將移動至未發現的車廂。
須處於未指定路線的狀態。","用途不明的方形板。
若连续一定次数出现已发现的电车车厢，下一节车厢将移动至未发现的车厢。
须处于未指定路线的状态。","Đây là một tấm bảng hình chữ nhật không rõ công dụng.\nNếu bạn đi vào các toa tàu đã phát hiện một số lần nhất định, lần tiếp theo bạn sẽ được chuyển đến một toa tàu chưa phát hiện.\nTuyến đường phải ở trạng thái chưa được thiết lập."
EQUIP_COST,Equipment Cost,装着コスト,장착 코스트,裝備消耗,装备消耗,Điểm trang bị
ROUTE_TITLE_EXTENSION,Extended,延長,연장,延長,延长,Mở rộng
ROUTE_APP_EXIT,Exit,閉じる,나가기,離開,离开,Thoát
DETECT_AREA_UP,Unpaired Earphone,片耳イヤホン,짝 없는 이어폰,單邊耳機,单边耳机,Tai nghe lẻ cặp
DESTINATION_D_DOGSTRAP,Pet Car,ペット車両,반려동물 칸,寵物車廂,宠物车厢,Toa thú cưng
PRESS_FIND_KEY,Press the Exploration key to continue.,探索キーを押して進んでください。,탐색 키를 눌러 계속 진행합니다.,按下探索鍵繼續進行。,按下探索键继续进行。,Nhấn phím Thám hiểm để tiếp tục.
ROUTE_INFO_VERTICALEXPANSION,This is a vertically extended ad.,縦に長くなったサイズの広告でございます。,세로로 길어진 사이즈의 광고입니다.,是縱向變長了的廣告。,是纵向变长了的广告。,Đây là biển quảng cáo được kéo dài theo chiều dọc.
H_LIST_FOLD,Expand/Collapse Sex List (Use left/right arrow keys to expand),Hリスト展開/折りたたみ(左右方向キーで展開),"H리스트 펼치기/접기 (좌, 우 방향키로 펼침, Shift키로 접기)",展開／收合H清單（使用左、右方向鍵展開）,展开／收合H清单（使用左、右方向键展开）,"Mở rộng/Thu gọn Danh sách H (Dùng phím mũi tên Trái/Phải để mở rộng, phím Shift để thu gọn)"
TIME_LIMITER,Silent Alarm Clock,静かな目覚まし時計,조용한 알람시계,靜音鬧鐘,静音闹钟,Đồng hồ báo thức im lặng
DARUMA_CHAN_DESCRIPTION,The Daruma will appear in cars with no Anomaly.,異変がない車両の場合、だるまちゃんが現れます。,이변이 없는 칸일 경우 다루마짱이 나타납니다,若車廂內沒有異變，達摩娃娃就會出現。,若车厢内没有异变，达摩娃娃就会出现。,Búp bê Daruma sẽ xuất hiện ở toa tàu không có hiện tượng lạ.
QUEST_GOAL_TEXT_2_1,"After meeting the conditions above, reach the 8th car.",上記条件を満たして8番目の車両に到達しよう,위 조건 충족 후 8번째 칸에 도달하자,滿足上述條件後前往第8車廂吧,满足上述条件后前往第8车厢吧,Hãy đạt toa thứ 8 sau khi đáp ứng các điều kiện trên
ROUTE_APP_MSG_COMFIRM,Route setting completed.,ルート設定を完了しました。,노선 설정을 완료하였습니다.,路線設定已完成。,路线设置已完成。,Đã hoàn tất thiết lập tuyến đường.
ROUTE_INFO_OUTFIT,The woman in the leftmost advertisement seems different from usual.,一番左の広告の女性ですが、雰囲気がいつもと異なるようでございます。,가장 왼쪽의 광고 속 여성의 분위기가 평소완 달라 보입니다.,最左邊廣告裡的女性，看起來和平常的氛圍不太一樣。,最左边广告里的女性，看起来和平常的氛围不太一样。,Bầu không khí của người phụ nữ trong quảng cáo ngoài cùng bên trái trông khác hẳn so với thường ngày.
ROUTE_INFO_SAFEROOM,There was no Anomaly there.,先ほどの場所には異変はないようでございます。,방금 그곳은 이변이 없었습니다.,剛才那裡沒有異變。,刚才那里没有异变。,Nơi vừa rồi không có hiện tượng lạ nào cả.
EXIT_CONFIRM_DESCRIPTION,Unsaved progress will be lost.,セーブしていないデータは失われます。,저장하지 않은 사항은 소실됩니다.,未儲存的進度將會遺失。,未保存的进度将会遗失。,Các tiến trình chưa lưu sẽ bị mất.
FREE_H_SCREEN_ZOOM,Screen Zoom : Z(.) X(/),画面ズーム：Z(.) X(/),화면 줌 : Z(.) X(/),畫面縮放：Z(.) X(/),画面缩放：Z(.) X(/),Phóng to màn hình: Z(.) X(/)
DESTINATION_HINT_LOWSPEED_TITLE,Slow Zone Notice,低速区間導入のご案内,저속 구간 도입 안내문,慢速區間導入公告,慢速区间导入公告,Bảng thông báo tốc độ chậm
DESTINATION_D_COMPLETE_EP6,Engine Room,機関室,기관실,機關室,机关室,Phòng động cơ
CREDIT_SOUND,Sound,サウンド,소리,音訊,音频,Âm thanh
DESTINATION_D_COMPLETE_EP4,Storage,倉庫,창고,倉庫,仓库,Kho hàng
DESTINATION_HINT_STORAGE_TITLE,The Path to the Storage,倉庫への道,창고로 향하는 길,前往倉庫的路線,前往仓库的路线,Đường đến kho hàng
DESTINATION_D_COMPLETE_EP5,Dark Room,暗い部屋,어두운 방,黑暗之房,黑暗之房,Phòng tối
NOTI_PROLOGUE_FAILED,"""Bzzt! That's not it!""",「ブー！そこじゃない！」,"""땡~ 그곳은 아니야!""",「叮咚～ 不是那裡喔！」,「叮咚～ 不是那里喔！」,"""Sai rồi~ Không phải chỗ đó đâu!"""
ROUTE_INFO_ESCAPE,"That car has nothing in it, so feel free to pass through. Nothing at all...",その車両には何もございませんので、そのまま通り過ぎて構いません。ええ、何も……,그 칸은 아무것도 없으니 그냥 통과하셔도 됩니다. 아무것도..,那節車廂裡什麼都沒有，直接通過就好。什麼都……,那节车厢里什么都没有，直接通过就好。什么都……,"Toa tàu đó không có gì cả, bạn có thể đi thẳng qua. Hoàn toàn không có gì cả..."
SCENE_DOGGY_SWIMSUIT,Doggy Style - Swimsuit,バック - 水着,후배위 - 수영복,後背位－泳裝,后背位－泳装,Tư thế từ phía sau (Doggy) - Đồ bơi
ROUTE_INFO_FLIGHT,Was that... outside the window... a pair of panties?,窓の外のあれは……パンティでございましょうか？,창 밖의 그건.. 팬티였습니까?,窗外那個……是內褲嗎？,窗外那个……是内裤吗？,Thứ ở ngoài cửa sổ đó... có phải là một chiếc quần lót không?
ROUTE_APP_HINT,Hint,ヒント,힌트,提示,提示,Gợi ý
VIEW_MODE_ACTIVE,Observation Mode,観察モード,관찰 모드,觀察模式,观察模式,Chế độ quan sát
FREE_H_SCENE_EXIT,Press ESC to exit.,ESCを押して終了します,ESC를 눌러 끝냅니다,按 ESC 結束,按 ESC 结束,Nhấn ESC để kết thúc
HINT_ITEM_GET,"A hint that leads to a certain Terminal.
Added to ""Hints"" in Kankan Navi.","どこかの終点へ移動できるヒント。
シャリョーナビの『ヒント』に登録されました。","어딘가의 종착점으로 이동할 수 있는 힌트입니다.
칸칸네비의 '힌트'에 등록되었습니다.","這是可移動至某處終點的提示。
已登錄至車廂導航的「提示」中。","这是可移动至某处终点的提示。
已登录至车厢导航的「提示」中。",Đây là gợi ý để đi đến một ga cuối nào đó.\nĐã được đăng ký vào mục 'Gợi ý' trên Bản đồ dẫn đường của bạn.
ROUTE_INFO_SHADOW,That was simply a shadow from a rather peculiarly-shaped utility pole.,奇妙な形の電柱の影でございました。,특이한 모양의 전봇대 그림자였습니다.,那是形狀奇特的電線桿影子。,那是形状奇特的电线杆影子。,Đó chỉ là bóng của một cây cột điện có hình dáng hơi kỳ lạ mà thôi.
SAVE_EMPTY,Empty,空き,비어 있음,無存檔,无存档,Trống
QUEST_CLEAR,Ready to Proceed,進行可能,진행 가능,可繼續進行,可继续进行,Có thể tiến hành
ROUTE_TITLE_GAZE,Gaze,視線,시선,視線,视线,Ánh nhìn
ALL_CLEAR_PERCENT,Progress,進行度,진행도,進度,进度,Tiến độ
MORE_FRIENDLY_REINA,You need to get a little closer to Reina...,怜奈とはもう少し仲良くならないといけない気がする…,레이나와 좀 더 가까워져야 할 거 같다...,感覺需要跟怜奈再親近一些…,感觉需要跟怜奈再亲近一些…,Có vẻ bạn cần phải thân thiết hơn nữa với Reina...
DESTINATION_HINT_ROULLET_TITLE,Flyer - Pachinko,広告チラシ -パチンコ,광고 전단 -파칭코,廣告傳單 -柏青哥,广告传单 -柏青哥,Tờ rơi quảng cáo - Pachinko
FREE_H_SCENE_UP_KEY,"W, Up Key",W、上キー,"W, 위쪽 키",W、上鍵,W、上键,"Phím W, mũi tên Lên"
SCENE_STANDING_SIDEWAYS,Standing Sideways,立ち側位,옆으로 서서,側入位,侧入位,Tư thế đứng nghiêng (Standing Sideways)
NOTI_TICKET_BONUS,Car %d Bonus x%.1f (%d Tickets),%d番車両ボーナス %.1f倍(%d枚),%d번칸 보너스 %.1f배(%d장),第%d車廂獎勵 %.1f倍（%d張）,第%d车厢奖励 %.1f倍（%d张）,Thưởng toa %d x%.1f (%d Vé)
DIALOG_BACKLOG,Backlog (B),バックログ (B),히스토리 (B),對話紀錄 (B),对话记录 (B),Nhật ký (B)
ROUTE_FIND,Discovered,発見,발견,已發現,已发现,Đã phát hiện
ROUTE_TITLE_DEFORME,Chibi,デフォルメ,데포르메,Q版化,Q版化,Chibi
ROUTE_INFO_TUNNEL,"Please take care not to enter ""their"" line of sight.",「それら」の視界に入らぬよう、ご注意くださいませ。,그것들의 시야에 들어가지 않도록 조심하세요.,請小心不要進入那些東西的視野。,请小心不要进入那些东西的视野。,"Xin hãy cẩn thận đừng đi vào tầm mắt của ""chúng""."
ANOMALY_FINDER_DESCRIPTION,"Indicates areas where Anomalies may appear.
Shows a random area if no Anomaly is present.","異変が発生する可能性のあるエリアを表示します。
異変が存在しない場合、ランダムなエリアを表示します。","이변이 발생할 수 있는 지역을 표시합니다
이변이 존재하지 않는 경우 무작위 지역을 표시합니다","顯示可能發生異變的區域。
若無異變存在，則顯示隨機區域。","显示可能发生异变的区域。
若无异变存在，则显示随机区域。",Hiển thị khu vực có khả năng xuất hiện Hiện tượng lạ.\nHiển thị ngẫu nhiên nếu không có Hiện tượng lạ nào tồn tại.
ROUTE_TITLE_VEIL,Disguise,偽装,위장,偽裝,伪装,Ngụy trang
ROUTE_PERCENT,Route,路線,노선,路線,路线,Tuyến đường
NOTI_EXP_UP_MAI,You grew closer to Mai.,舞とさらに仲良くなったようだ。,마이와 더 친해진 거 같다.,跟舞的關係似乎變得更親近了……,跟舞的关系似乎变得更亲近了……,Có vẻ bạn đã trở nên thân thiết hơn với Mai.
DESTINATION_HINT_DARK_ROOM_TITLE,Memo -Dark Room-,メモ -暗い部屋-,메모 -어두운 방-,備忘錄 -黑暗之房-,备忘录 -黑暗之房-,Ghi chú -Phòng tối-
DESTINATION_HINT_LOCKER_INFO,"""Why aren't you bailing water?! [color=#ADFF2F]It's rising! Is this really the time to be scribbling on the walls?[/color]""
""Keep it down. With this mark, everyone will know we were here...""
""Stop talking nonsense! If we can't stop this flooding, we're all getting our pay docked!""","「排水作業をサボって何をやってんだ？ [color=#ADFF2F]どんどん増えてるぞ！ 壁に落書きなんかしてる場合か！？[/color]」
「静かにしてくれ。この印があれば、俺たちがここにいた事実をみんなが知ることになる……」
「そんなことはどうでもいい！ 浸水を止めないと、俺たち全員減給処分だぞ！」","""물 안 퍼내고 뭐해?! [color=#ADFF2F]점점 차오른다고! 지금 벽에 낙서나 하고 있을 때야?[/color]""
""조용히 해. 이 표식으로, 우리가 이곳에 있었다는 사실을 모두가 알게 될 거야..""
""헛소리하지 말고! 침수되는 거 못 막으면 우리 모두 감봉이야!""","「你不排水在幹嘛？！[color=#ADFF2F]水位越來越高了！現在是在牆上塗鴉的時候嗎？[/color]」
「閉嘴。用這個標記，所有人都會知道我們曾經在這裡……」
「別說廢話了！如果沒辦法阻止淹水，我們全都要被扣薪！」","「你不排水在干嘛？！[color=#ADFF2F]水位越来越高了！现在是在墙上涂鸦的时候吗？[/color]」
「闭嘴。用这个标记，所有人都会知道我们曾经在这里……」
「别说废话了！如果没办法阻止淹水，我们全都要被扣薪！」","""Sao không múc nước ra đi?! [color=#ADFF2F]Nước dâng lên rồi kìa! Bây giờ là lúc để vẽ bậy lên tường à?[/color]""\n""Suỵt, khẽ thôi. Nhờ ký hiệu này, tất cả mọi người sẽ biết chúng ta đã từng ở đây...""\n""Đừng có nói nhảm nữa! Nếu không ngăn được ngập nước, tất cả chúng ta sẽ bị trừ lương đấy!"""
ROUTE_TITLE_DIVE,Diving,潜水,잠수,潛水,潜水,Lặn xuống
LOW_SPEC_MODE,Performance Mode,パフォーマンス優先,성능 우선 모드,效能優先模式,性能优先模式,Chế độ ưu tiên hiệu năng
ROUTE_TITLE_TENTACLE2,Tentacle 2,触手 - 2,촉수 - 2,觸手 - 2,触手 - 2,Xúc tu - 2
ROUTE_TITLE_TENTACLE3,Tentacle 3,触手 - 3,촉수 - 3,觸手 - 3,触手 - 3,Xúc tu - 3
MAIN_RECOLLECT,Event Gallery,イベント回想,이벤트 회상,事件回想,事件回想,Phòng trưng bày sự kiện
UNVISIT_FINDER,Ancient Record Tablet,古代の記録板,고대 기록판,古代記錄板,古代记录板,Phiến đá cổ xưa
ROUTE_TITLE_TENTACLE1,Tentacle 1,触手 - 1,촉수 - 1,觸手 - 1,触手 - 1,Xúc tu - 1
MULTIPLE_CHOICE_DESCRIPTION,"Displays the Anomaly's location as one of 5 multiple-choice options.
All options are randomized if no Anomaly is present.","異変の位置を5つの選択肢で表示します。
異変が存在しない場合、すべてランダムに表示します。","이변의 위치를 5개의 보기로 표시합니다.
이변이 존재하지 않는 경우 전부 무작위로 표시합니다","以5個選項顯示異變的位置。
若無異變存在，則全部隨機顯示。","以5个选项显示异变的位置。
若无异变存在，则全部随机显示。","Hiển thị vị trí của hiện tượng lạ dưới dạng 1 trong 5 lựa chọn trắc nghiệm.
Tất cả lựa chọn đều được hiển thị ngẫu nhiên nếu không có hiện tượng lạ."
DESTINATION_HINT_GHOST_INFO,"...I've seen all kinds of complaints, but this takes the cake. Ghosts now? Are they pranking us because their complaints weren't heard?
[color=#ADFF2F]Complaint 1 - Creepy stare felt from under the seats[/color]
[color=#ADFF2F]Complaint 2 - Crying sounds heard whenever entering a tunnel[/color]
[color=#ADFF2F]Complaint 3 - A resentful ghost following from the end of the train[/color]
[color=#ADFF2F]Complaint 4 - A window where a ghost appears when you look at it[/color]","『……まったく、あらゆる苦情があるもんだな。今度は幽霊だと？対応しないからって悪戯でクレーム入れてるんじゃないのか？』
[color=#ADFF2F]苦情1 - 椅子の下から感じる気味の悪い視線[/color]
[color=#ADFF2F]苦情2 - トンネルに入るたびに聞こえてくる泣き声[/color]
[color=#ADFF2F]苦情3 - 電車の端からついてくる怨念じみた幽霊[/color]
[color=#ADFF2F]苦情4 - 見つめると幽霊が現れる窓[/color]","..하다 하다 별 민원을 다 보겠네. 이젠 귀신이야? 항의 안 들어 준다고 장난 클레임 거는 거 아냐?'
[color=#ADFF2F]민원 1 -의자 밑에서 느껴지는 소름돋는 시선[/color]
[color=#ADFF2F]민원 2 -터널에 들어갈 때마다 들려오는 울음 소리[/color]
[color=#ADFF2F]민원 3 -전차 끝에서부터 따라오는 원한 서린 귀신[/color]
[color=#ADFF2F]민원 4 -바라보면 귀신이 나타나는 창문[/color]","「……什麼奇怪的投訴都有。現在連鬼魂都來了？該不會是抗議沒被受理，所以故意來亂的吧？」
[color=#ADFF2F]投訴1：座位底下令人毛骨悚然的視線[/color]
[color=#ADFF2F]投訴2：每次進隧道都會聽到的哭聲[/color]
[color=#ADFF2F]投訴3：從電車末端一路跟過來的怨靈[/color]
[color=#ADFF2F]投訴4：盯著看就會出現鬼魂的窗戶[/color]","「……什么奇怪的投诉都有。现在连鬼魂都来了？该不会是抗议没被受理，所以故意来乱的吧？」
[color=#ADFF2F]投诉1：座位底下令人毛骨悚然的视线[/color]
[color=#ADFF2F]投诉2：每次进隧道都会听到的哭声[/color]
[color=#ADFF2F]投诉3：从电车末端一路跟过来的怨灵[/color]
[color=#ADFF2F]投诉4：盯着看就会出现鬼魂的窗户[/color]","""...Xem qua đủ loại khiếu nại rồi, nhưng cái này đúng là đỉnh điểm. Bây giờ lại còn có cả ma à? Hay tụi nó phá rối vì khiếu nại không được giải quyết nhỉ?""\n[color=#ADFF2F]Khiếu nại 1 - Cảm giác có ánh nhìn rợn tóc gáy từ dưới ghế ngồi[/color]\n[color=#ADFF2F]Khiếu nại 2 - Tiếng khóc vang lên mỗi khi tàu đi vào đường hầm[/color]\n[color=#ADFF2F]Khiếu nại 3 - Một oan hồn bám theo từ phía đuôi tàu[/color]\n[color=#ADFF2F]Khiếu nại 4 - Ô cửa sổ nơi ma hiện hồn khi nhìn vào[/color]"
GHOST_SKIP,Empty Beer Can,空のビール缶,빈 맥주캔,空啤酒罐,空啤酒罐,Lon bia rỗng
NOTI_PROLOGUE_TUTO2,"""Remember what the train looks like, then head all the way to the left!""",「電車の様子を覚えて、一番左へ移動しろ！」,"""전차의 모습을 기억하며 맨 왼쪽으로 이동해!""",「記住電車的樣子，移動到最左邊！」,「记住电车的样子，移动到最左边！」,"""Hãy ghi nhớ diện mạo của tàu, sau đó đi hết cỡ về bên trái!"""
TUTO_TITLE_ROUTE_BUY_MODE,Route Purchase Mode,路線購入モード,노선 구매 모드,路線購買模式,路线购买模式,Chế độ mua tuyến đường
NOTI_PROLOGUE_TUTO1,Press Shift to Talk.,Shiftキーを押して会話,쉬프트 키를 눌러 대화합니다.,按Shift鍵進行對話,按Shift键进行对话,Nhấn phím Shift để trò chuyện.
TUTO_H_EVENT_1,"If your Affection is 1 or higher, you can talk to Reina or Mai at the starting point to engage in sexual activities.
Additional sex scenes unlock by raising Affection or through events.","好感度が1以上あれば、開始地点で怜奈や舞に話しかけてエッチすることができます。
行えるエッチの種類は、好感度を上げたりイベントを経ることでアンロックされます。","호감도가 1 이상이라면 시작 지점에서 레이나 혹은 마이에게 말을 걸어서 엣찌할 수 있습니다.
가능한 엣찌는 호감도를 올리거나 이벤트를 통해서 해금할 수 있습니다.","好感度達到1以上時，可以在起始點與怜奈或舞搭話來進行親密互動。
可進行的親密行為會隨著好感度提升或透過事件逐步解鎖。","好感度达到1以上时，可以在起始点与怜奈或舞搭话来进行亲密互动。
可进行的亲密行为会随着好感度提升或透过事件逐步解锁。","Nếu điểm Thiện cảm đạt từ 1 trở lên, bạn có thể nói chuyện với Reina hoặc Mai tại điểm xuất phát để kích hoạt hoạt động thân mật. Các phân cảnh H bổ sung sẽ được mở khóa bằng cách tăng điểm Thiện cảm hoặc thông qua các sự kiện."
ROUTE_TITLE_ESCAPE,Empty Car,無人の車両,비어있는 칸,空車廂,空车厢,Toa trống
TUTO_H_EVENT_2,"Each time you reach Ejaculation, your accumulated Lust is converted into a set amount of Tickets.
Higher Affection increases the chance of producing higher-quality Tickets.","また、射精するたびに蓄積した情念が一定量のチケットに変換されます。
好感度が高いほど、高品質なチケットが生成される確率が上がります。","또한, 사정할 때마다 쌓인 정념이 일정량 티켓으로 가공됩니다.
호감도가 높을수록 고품질의 티켓이 가공될 확률이 오릅니다.","此外，每次射精時，累積的情念都會被加工成一定數量的票券。
好感度越高，加工出高品質票券的機率就越高。","此外，每次射精时，累积的情念都会被加工成一定数量的票券。
好感度越高，加工出高品质票券的机率就越高。","Ngoài ra, mỗi khi xuất tinh, điểm Dục vọng tích lũy sẽ được chuyển đổi thành một lượng Vé nhất định. Điểm Thiện cảm càng cao thì tỷ lệ nhận được Vé chất lượng cao càng tăng."
SHOP_BUY,Purchase,購入,구매,購買,购买,Mua
BOX_MAP_ITEM_1_TITLE,Lost Item Location Hint -1-,落とし物位置のヒント -1-,분실물 위치 힌트 -1-,失物位置提示 -1-,失物位置提示 -1-,Gợi ý vị trí đồ thất lạc -1-
ROUTE_INFO_BRAILLEBLOCK,"Like that, it can hardly serve its purpose as tactile paving...",あれでは点字ブロックの役割を果たせないでしょうに……,저래서는 점자 블록의 역할을 못할 텐데..,那樣的話就無法發揮導盲磚的作用了……,那样的话就无法发挥导盲砖的作用了……,Như thế kia thì vạch chỉ dẫn nổi làm sao thực hiện được vai trò của nó cơ chứ...
ROUTE_INFO_DROP,Whoa!,きゃあっ、大変驚いてしまいました…,깜짝이야!,嚇死我了！,吓死我了！,Giật cả mình!
ROUTE_INFO_WHITE,Please keep a close eye on what falls from above.,上から落ちてくる「何か」を、よくご覧ください。,위에서 떨어지는 무언가를 잘 봐주세요.,請留意從上方落下的東西。,请留意从上方落下的东西。,"Xin hãy chú ý quan sát ""thứ gì đó"" rơi xuống từ phía trên."
NPC_ANO_H,Clogged Lock,鍵穴の詰まった南京錠,구멍이 막힌 자물쇠,鎖孔被堵住的鎖,锁孔被堵住的锁,Ổ khóa bị kẹt
ROUTE_TITLE_FLOOD,Flooding,浸水,침수,浸水,浸水,Ngập nước
ROUTE_TITLE_ALNICO,Alnico,アルニコ,알니코,阿爾尼科,阿尔尼科,Alnico
DESTINATION_D_CLOCK,Passing Car,追越車両,추월 칸,超車車廂,超车车厢,Toa vượt tuyến
ROUTE_TITLE_DICKWALKER,Walking Dick,歩くちんぽ,걷는 자지,會走路的陽具,会走路的阳具,Cậu nhỏ biết đi
NOTI_WISPER_HINT,That place just now was...,さっきの場所は…,방금 그 곳은..,剛才那個地方是…,刚才那个地方是…,Nơi vừa rồi là...
ROUTE_FIND_NO_EVENT,Discovered (Event Locked),発見 (イベント未開放),발견 (이벤트 미해금),已發現 (事件未解鎖),已发现 (事件未解锁),Đã phát hiện (Sự kiện chưa mở khóa)
<!MissingKey:146:You grew closer to Konial.>,You grew closer to Konial.,コニアルとさらに仲良くなったようだ。,코니알과 더 친해진 거 같다.,跟柯尼亞爾的關係似乎變得更親近了……,跟柯尼亚尔的关系似乎变得更亲近了……,Có vẻ bạn đã trở nên thân thiết hơn với Konial.
BOX_MAP_ITEM_2_INFO,"A slip of paper with lost item locations.
Marks train cars containing lost items from cars 21-40 on your Kankan Navi.","落とし物の位置が記された紙。
21～40号車のうち、落とし物がある車両をシャリョーナビに表示します。","분실물의 위치가 적힌 종이입니다.
21~40번 칸 중 분실물이 있는 전차칸을 칸칸네비에 표시합니다.","記載著失物位置的紙張。
將第21～40節車廂中藏有失物的電車車廂標示在車廂導航上。","记载着失物位置的纸张。
将第21～40节车厢中藏有失物的电车车厢标示在车厢导航上。",Một mảnh giấy ghi chép vị trí của các món đồ thất lạc. Đánh dấu các toa tàu có chứa đồ thất lạc từ toa 21 đến toa 40 trên Bản đồ dẫn đường của bạn.
OPTION_SFX_VOLUME,Sound Effects,効果音,효과음,音效,音效,Hiệu ứng âm thanh
DIALOGIC_OPTION,Settings(ESC),設定(ESC),설정(ESC),設定(ESC),设置(ESC),Cài đặt (ESC)
TICKET_BONUS_DESCRIPTION,Earn bonus Tickets with each successful exploration.,探索に成功する毎に、追加チケットを獲得します。,탐색에 성공할 때마다 추가 티켓을 얻습니다,每次探索成功時，可獲得額外票券。,每次探索成功时，可获得额外票券。,Nhận thêm Vé sau mỗi lần thám hiểm thành công.
ROUTE_TITLE_SHADOW,Shadow,影,그림자,影子,影子,Bóng tối
DESTINATION_HINT_CAT_TITLE,Train Inspection Report -3-,車両点検報告書 -3-,전차 점검 보고서 -3-,電車檢修報告 -3-,电车检修报告 -3-,Báo cáo kiểm tra tàu -3-
ROUTE_TITLE_HUG,Embrace,抱擁,포옹,擁抱,拥抱,Ôm
ROUTE_TITLE_BRAILLEBLOCK,Tactile Paving,点字ブロック,점자블록,導盲磚,导盲砖,Vạch chỉ dẫn nổi
SCENE_COWGIRL,Cowgirl,騎乗位,기승위,騎乘位,骑乘位,Tư thế nữ thượng phong (Cowgirl)
SCENE_BREAST_TOUCH,Breast Fondling,胸愛撫,가슴 만지기,撫摸胸部,抚摸胸部,Mơn trớn ngực
DESTINATION_HINT_STORAGE_INFO,"The butler said [color=#ADFF2F]you need to pass through cars 3, 4, and 5[/color] to reach the storage.",執事の倉庫へ行くには、[color=#ADFF2F]3番、4番、5番車両を通らなければならない[/color]と言っていた。,"집사의 창고로 가려면 [color=#ADFF2F]3번, 4번, 5번 칸을 거쳐야 한다[/color]고 말했다.",執事說過，要去他的倉庫[color=#ADFF2F]必須經過3號、4號、5號車廂[/color]。,执事说过，要去他的仓库[color=#ADFF2F]必须经过3号、4号、5号车厢[/color]。,"Quản gia nói [color=#ADFF2F]phải đi qua các toa số 3, số 4 và số 5[/color] mới đến được kho hàng."
ROUTE_TITLE_CONDENSATION,Fogged Glass,曇り,김서림,霧氣,雾气,Cửa kính mờ sương
DEST_PERCENT,Terminal,終点,종착점,終點站,终点站,Ga cuối
CHAPTER_CHANGING_FIND_ANOMALY,Detected Anomalies:,探知した異変：,탐지한 이변 :,已探測到的異變：,已探测到的异变：,Hiện tượng lạ đã phát hiện:
ROUTE_TITLE_BUNNYGIRL,Bunny Girl,バニーガール,바니 걸,兔女郎,兔女郎,Nữ hoàng thỏ (Bunny Girl)
COLA_FINDER,Fizzy Cola,ビクッとコーラ,파르르 콜라,帕露露可樂,帕露露可乐,Cola sủi bọt
VO_JP,Japanese,日本語,일본어,日語,日语,Tiếng Nhật
ROUTE_TITLE_TOPLESS,Topless,トップレス,상의 탈의,上空,上空,Cởi trần
TUTO_KONIAL_H_2,"You cannot use Kankan Navi functions while wearing the Bracelet imbued with Pazuzu's divine power.
To use Kankan Navi, please unequip the Bracelet first.","パズズの神聖力が込められたブレスレットを装着している間は、シャリョーナビの機能を使用できません。
シャリョーナビを使用するには、先にブレスレットを外してください。","파주주의 신성력이 담긴 팔찌를 착용한 상태로는 칸칸네비 기능을 사용할 수 없습니다.
칸칸네비를 사용하려면 먼저 팔찌를 장착 해제 해 주세요.","裝備著蘊含帕祖祖神聖之力的手鐲時，將無法使用車廂導航功能。
若要使用車廂導航，請先解除手鐲裝備。","装备着蕴含帕祖祖神圣之力的手镯时，将无法使用车厢导航功能。
若要使用车厢导航，请先解除手镯装备。","Bạn không thể sử dụng các chức năng của Bản đồ dẫn đường khi đang đeo chiếc Vòng tay mang thần lực của Pazuzu.\nĐể sử dụng Bản đồ dẫn đường, vui lòng tháo chiếc Vòng tay ra trước."
TUTO_KONIAL_H_1,"The Bracelet you received from Pazuzu allows you to transfer Lust to Konial.
Equip the Bracelet from your Inventory, and successful Anomaly detection will increase Konial's Affection.","パズズから受け取ったブレスレットを通じて、コニアルへ情念を送ることができます。
インベントリでブレスレットを装着した状態で異変の感知に成功すると、コニアルの好感度が上昇します。","파주주에게 받은 팔찌를 통해 코니알에게 정념을 전달할 수 있습니다.
인벤토리에서 팔찌를 착용한 뒤 이변 탐지에 성공하면 코니알의 호감도가 상승합니다.","透過帕祖祖給予的手鐲，可以將情念傳遞給柯尼亞爾。
在物品欄中裝備手鐲後，若成功探測到異變，柯尼亞爾的好感度就會上升。","透过帕祖祖给予的手镯，可以将情念传递给柯尼亚尔。
在物品栏中装备手镯后，若成功探测到异变，柯尼亚尔的好感度就会上升。","Chiếc Vòng tay bạn nhận được từ Pazuzu cho phép chuyển hóa điểm Dục vọng sang cho Konial.\nHãy trang bị chiếc Vòng tay trong Túi đồ, khi thám hiểm và phát hiện Hiện tượng lạ thành công sẽ giúp tăng điểm Thiện cảm của Konial."
TAB_MOVE,◀ Q　　Switch Tab　　E ▶,◀ Q　　タブ切替　　E ▶,◀ Q      탭 이동        E ▶,◀ Q　　切換頁籤　　E ▶,◀ Q　　切换标签　　E ▶,◀ Q      Chuyển Tab        E ▶
CLOSE_BUTTON,Close,閉じる,닫기,關閉,关闭,Đóng
DESTINATION_HINT_GHOST_TITLE,Train Inspection Report -2-,電車点検報告書 -2-,전차 점검 보고서 -2-,電車檢修報告 -2-,电车检修报告 -2-,Báo cáo kiểm tra tàu -2-
ROUTE_TITLE_SEATEYE,Seat Eyeball,座席の目玉,좌석 눈알,座位眼球,座位眼球,Nhãn cầu trên ghế
CREDIT_UI,UI,UI,UI,UI,UI,Giao diện (UI)
DESTINATION_HINT_MILK_INFO,Someone left this milk bottle behind.,誰かが捨てた牛乳瓶だ。,누군가 버린 우유병이다.,這是一個被人丟棄的奶瓶。,这是一个被人丢弃的奶瓶。,Một chai sữa bị ai đó bỏ lại.
OPTION_RESOLUTION,Resolution,解像度,해상도,解析度,分辨率,Độ phân giải
ROUTE_TITLE_LOWSPEED,Low Speed,低速,저속,低速,低速,Tốc độ chậm
ROUTE_TITLE_WINDOWGHOST,Window,窓,창문,窗戶,窗户,Cửa sổ
ROUTE_TITLE_VERTICALEXPANSION,Ad Expansion,広告拡張,광고 확장,廣告擴張,广告扩张,Biển quảng cáo mở rộng
ROUTE_TITLE_REI_KOKYO,"Rei, Kokyo",レイ、コキョ,"레이, 코쿄",蕾伊、小京,蕾伊、小京,"Rei, Kokyo"
ROUTE_INFO_BRA,"I could have sworn it was a hand strap, but... whose might that be?",つり革かと思いましたが……あれは誰の物でしょうか……,손잡이인 줄 알았습니다만.. 그건 누구의 것인지..,我原以為那是吊環……但那究竟是誰的……,我原以为那是吊环……但那究竟是谁的……,"Cứ ngỡ là tay nắm treo, nhưng... đó là của ai vậy nhỉ..."
NOTI_SET_UNVISIT_STAGE,Unvisited Route set.,未訪問の路線が指定されました。,미방문 노선이 지정되었습니다.,已指定未訪問路線。,已指定未访问路线。,Đã thiết lập tuyến đường chưa thám hiểm.
ROUTE_INFO_CROW,Sometimes it's nice to just relax and look out the window...,時には窓の外を眺めて、リラックスなさるのも……,때로는 창 밖을 보며 릴렉스하는 것도..,偶爾看看窗外放鬆一下也不錯……,偶尔看看窗外放松一下也不错……,Đôi khi chỉ cần thư giãn và ngắm nhìn ra ngoài cửa sổ...
ROUTE_INFO_REVERSE,"You didn't happen to feel any motion sickness, did you?",乗り物酔いなどございませんでしたか？,멀미가 있진 않으셨습니까?,您沒有感到暈車嗎？,您没有感到晕车吗？,Bạn có cảm thấy bị chóng mặt hay say tàu không?
YES,Yes,はい,네,是,是,Có
ROUTE_INFO_EXITAD,The advertisement above the Door window seemed rather... off.,ドアの窓上の広告、様子がおかしかったようでございます。,출입문의 창문 위 광고판이 이상했던 거 같습니다.,車門窗戶上方的廣告看板似乎有些異常。,车门窗户上方的广告看板似乎有些异常。,Biển quảng cáo phía trên ô cửa ra vào có vẻ... hơi bất thường.
DESTINATION_HINT_HANDFAN_INFO,"A tattered, worn-out fan.
It has a local event promotion printed on it.
([color=#ADFF2F]From the 18th to 21st[/color]! Visit all 4 days to receive a special prize!)
""When are they ever going to fix the AC in this car?""
""Probably never? Last time I complained, they just gave me this lousy fan.""","破れてボロボロになったうちわ。
地域イベントの宣伝文句が書かれている。
（[color=#ADFF2F]18日から21日まで[/color]！全4日間訪問頂いた方には特別な景品を贈呈いたします！）
『この車両のエアコン、いつ直るの？』
『一生直らないんじゃないか？この前文句を言ったら、このうちわ一枚だけ渡されたんだぜ？』","찢어져 너덜거리는 부채.
지역 행사 홍보 문구가 적혀 있다.
([color=#ADFF2F]18일부터 21일간[/color]! 4일차 전부 방문시 특별 경품을 증정합니다!)
'이 칸의 에어컨은 언제 고치는 거야?'
'아마 평생 없을 걸? 저번에 항의했더니 이 부채 한장 준 거 있지?'","破破爛爛的扇子。
上面寫著地方活動的宣傳標語。
（[color=#ADFF2F]18日至21日[/color]！4天皆到訪者可獲得特別獎品！）
「這節車廂的冷氣到底什麼時候才要修？」
「大概永遠都不會修吧？上次去抗議，結果就只給了這把扇子。」","破破烂烂的扇子。
上面写着地方活动的宣传标语。
（[color=#ADFF2F]18日至21日[/color]！4天皆到访者可获得特别奖品！）
「这节车厢的冷气到底什么时候才要修？」
「大概永远都不会修吧？上次去抗议，结果就只给了这把扇子。」","Một chiếc quạt rách nát tả tơi.\nTrên đó có in dòng chữ quảng cáo cho một sự kiện địa phương.\n([color=#ADFF2F]Từ ngày 18 đến ngày 21[/color]! Ghé thăm cả 4 ngày để nhận phần quà đặc biệt!)\n""Khi nào họ mới chịu sửa điều hòa ở toa này thế?""\n""Chắc là không bao giờ đâu. Lần trước tôi đi khiếu nại, họ chỉ đưa cho mỗi chiếc quạt rách này thôi đấy."""
ROUTE_TITLE_VIBRATOR,Vibrator,ローター,바이브,震動器,震动器,Trứng rung (Vibrator)
BOX_MAP_ITEM_2_TITLE,Lost Item Location Hint -2-,落とし物位置のヒント -2-,분실물 위치 힌트 -2-,失物位置提示 -2-,失物位置提示 -2-,Gợi ý vị trí đồ thất lạc -2-
ROUTE_TITLE_ACCELERATION,Speed Up,加速,가속,加速,加速,Tăng tốc
HINT_ITEM_WITH_REINA,"A hint that may lead you to a certain Terminal.
Reina seems like she might be interested.","どこかの終着点へと移動できるヒント。
怜奈が興味を持ちそうだ。","어딘가의 종착점으로 이동할 수 있는 힌트입니다
레이나가 관심을 가질 거 같습니다","這是可以前往某個終點站的提示。
怜奈似乎會對此感興趣。","这是可以前往某个终点站的提示。
怜奈似乎会对此感兴趣。",Một gợi ý có thể dẫn bạn đến ga cuối nào đó.\nCó vẻ Reina sẽ hứng thú với thứ này đấy.
TIME_LIMITER_DESCRIPTION,Earn bonus Tickets if you successfully detect within the time limit.,制限時間内に探知に成功すると、ボーナスチケットを獲得します。,시간제한 내에 탐지에 성공하면 보너스 티켓을 얻습니다,在時間限制內探測成功，可獲得額外票券。,在时间限制内探测成功，可获得额外票券。,Nhận thêm Vé nếu thám hiểm và phát hiện thành công trong giới hạn thời gian.
ROUTE_INFO_WATCHER,I think there was someone outside the door just now...,ドアの外に、誰かいたように思われます…,출입문 바깥에 누군가 있던 거 같습니다..,門外好像有人在那裡……,门外好像有人在那里……,Tôi nghĩ vừa nãy có ai đó ở ngoài cửa...
ROUTE_COIN_DESCRIPTION,"A commemorative coin for Train 45's 10th anniversary.
Can unlock unvisited cars in Kankan Navi.","45番電車の10周年記念硬貨。
シャリョーナビで未訪問の車両を解禁できます。","45번 전차의 10주년 기념 주화입니다
칸칸네비에서 미방문한 전차칸을 해금할 수 있습니다","45號列車的10週年紀念硬幣。
可在車廂導航中解鎖未訪問的電車車廂。","45号列车的10周年纪念硬币。
可在车厢导航中解锁未访问的电车车厢。",Đồng xu kỷ niệm 10 năm của tuyến tàu số 45.\nCó thể dùng để mở khóa các toa tàu chưa thám hiểm trên Bản đồ dẫn đường.
HORIZON_FINDER,Coffee-Colored Stockings,コーヒー色のストッキング,커피색 스타킹,咖啡色絲襪,咖啡色丝袜,Quần tất màu cà phê
INVENTORY_DESCRIPTION,You can equip items you've obtained.,獲得した景品を装着できます。,획득한 상품을 장착할 수 있습니다.,可以裝備已獲得的道具。,可以装备已获得的道具。,Bạn có thể trang bị các vật phẩm đã nhận được.
TUTO_FIND_1,"This is the ""starting point"".
Remember the scenery here, then pass through the right corridor and detect differences in the car you arrive at.","ここは『開始地点』です。
この場所の光景・状態をよく記憶した後、右側の通路を通って到着した先の車両にて、開始地点との違い…即ち『異変』を見つけ出す必要があります。","이곳은 '시작 지점'입니다.
이곳에서의 풍경을 잘 기억한 뒤, 오른쪽 통로를 지나 도착하는 칸의 다른점을 감지해내야 합니다.","這裡是「起始點」。
請仔細記住此處的景象，然後穿過右側通道，找出抵達的車廂中有何異變。","这里是「起始点」。
请仔细记住此处的景象，然后穿过右侧通道，找出抵达的车厢中有何异变。","Đây là ""điểm xuất phát"".\nHãy ghi nhớ kỹ cảnh vật ở đây, sau đó đi qua lối đi bên phải và phát hiện xem toa tàu tiếp theo có điểm gì khác biệt hay không."
TUTO_FIND_2,"If there are no Anomalies present, simply proceed to the next car.
Some cars contain undetectable Anomalies that you must escape from. In these cars, the screen display will change.","異変が存在しないと判断した場合は、そのまま次の車両へ進んでください。
中には、異変を探すのではなく、迫りくる危険な異変から逃げなければならない車両も存在します。そうした車両では、スクリーンの表示が変化します。","이변이 존재하지 않다고 판단되면 다음칸으로 계속 이동하면 됩니다.
또한, 탐지가 통하지 않는 이변에게 탈출해야 하는 칸이 존재합니다. 이 칸에서는 스크린의 표시가 변경됩니다.","若判斷沒有異變存在，可以繼續移動到下一節車廂。
此外，存在著無法透過探測發現的異變，這種車廂需要設法逃脫。進入此類車廂時，畫面顯示會有所變化。","若判断没有异变存在，可以继续移动到下一节车厢。
此外，存在着无法透过探测发现的异变，这种车厢需要设法逃脱。进入此类车厢时，画面显示会有所变化。","Nếu bạn phán đoán toa tiếp theo không có hiện tượng lạ nào, hãy tiếp tục đi sang toa kế tiếp.\nNgoài ra, có những toa chứa hiện tượng lạ mà bạn không thể phát hiện bằng cách thông thường mà phải trốn chạy khỏi chúng. Ở những toa này, màn hình hiển thị sẽ có sự thay đổi."
TUTO_FIND_3,"Incorrectly detecting an Anomaly or moving to the next car without detecting one results in failure, sending you back to the starting point.
Reach the goal car without any failures to clear the stage.","異変の有無を間違えたり、異変を見逃して次の車両へ進んだ場合は失敗となり、開始地点に戻されます。
失敗せずに目標の車両へ到達すればクリアです。","이변을 잘못 감지하거나 감지하지 못하고 다음 칸으로 이동하면 실패이며, 시작 지점으로 되돌아옵니다.
실패하지 않고 목표 칸에 도착하면 클리어입니다.","若錯誤感知異變，或未察覺異變就移動到下一節車廂，則判定為失敗，將會被送回起始點。
只要不失敗並抵達目標車廂，即為通關。","若错误感知异变，或未察觉异变就移动到下一节车厢，则判定为失败，将会被送回起始点。
只要不失败并抵达目标车厢，即为通关。","Phán đoán sai hiện tượng lạ hoặc bỏ sót rồi đi sang toa kế tiếp sẽ bị thất bại và đưa về điểm xuất phát.
Hãy đến được toa mục tiêu mà không thất bại để vượt màn."
TUTO_FIND_4,Your current objective is displayed in the upper left. Fulfill the conditions and reach the destination to advance to the next chapter.,左上に今回の目標が表示されます。その条件を満たした状態で最終地点まで到達すれば、次の章へ進むことができます。,왼쪽 위에 이번 목표가 표시되며 해당 조건을 충족한 채로 도착 지점까지 도달하면 다음 장으로 이동할 수 있습니다.,畫面左上方會顯示本次目標，在達成條件的狀態下抵達終點，即可進入下一章節。,画面左上方会显示本次目标，在达成条件的状态下抵达终点，即可进入下一章节。,Mục tiêu hiện tại sẽ được hiển thị ở góc trên bên trái. Hãy đáp ứng các điều kiện đó và đi đến điểm cuối để có thể chuyển sang chương tiếp theo.
NO,No,いいえ,아니오,否,否,Không
CREDIT_ASSISTANCE,Assistance,協力,도움,協助,协助,Hỗ trợ
TUTO_ROUTE_BUY_2,"Additionally, if you have enough Tickets, you can click on locked Routes to unlock them.
The cost varies based on how many Routes you have visited.","また、チケットが十分にあればロックされた路線をクリックしてアンロックできます。
費用は、訪問済みの路線の数によって変動します。","또한, 티켓이 충분하다면 잠긴 노선을 클릭하여 해제가 가능합니다.
비용은 방문한 노선의 갯수에 따라 달라집니다.","此外，若票券足夠，可點擊鎖定的路線來進行解鎖。
解鎖費用會根據已造訪的路線數量而有所不同。","此外，若票券足够，可点击锁定的路线来进行解锁。
解锁费用会根据已造访的路线数量而有所不同。","Ngoài ra, nếu có đủ Vé, bạn có thể nhấp vào các tuyến đường đang khóa để mở khóa chúng.\nChi phí sẽ thay đổi tùy thuộc vào số lượng tuyến đường bạn đã thám hiểm."
ROUTE_TITLE_EXITAD,Ad,出口広告,출구광고,出口廣告,出口广告,Biển quảng cáo lối ra
DESTINATION_HINT_ONSEN_TITLE,Flyer - Hot Spring Car,広告チラシ -温泉車両,광고 전단 -온천 칸,廣告傳單 -溫泉車廂,广告传单 -温泉车厢,Tờ rơi quảng cáo - Toa suối nước nóng
TUTO_ROUTE_BUY_1,"Sufficient Lust has been channeled into the Kankan Navi. From now on, information will be displayed even for unvisited anomaly cars.",シャリョーナビに十分量の情念が宿りました。これからは、未訪問の異変車両であっても情報が表示されます。,칸칸네비에 충분한 양의 정념이 깃들었습니다. 이제부터는 방문하지 못한 이변 칸이더라도 정보가 표시됩니다.,車廂導航已累積了足夠的情念。從現在起，即使是尚未造訪過的異變車廂，也會顯示相關資訊。,车厢导航已累积了足够的情念。从现在起，即使是尚未造访过的异变车厢，也会显示相关信息。,"Bản đồ dẫn đường đã tích lũy đủ điểm Dục vọng. Từ bây giờ, thông tin sẽ được hiển thị ngay cả đối với các toa có hiện tượng lạ chưa từng thám hiểm qua."
LIFE_UP_DESCRIPTION,Grants an extra chance when exploration fails.,探索に失敗した時、追加チャンスを得られます。,"잘못된 이변을 감지하거나 감지하지 못한 채 
다음 칸으로 이동했을 때 추가 기회를 얻습니다",探索失敗時可獲得額外機會。,探索失败时可获得额外机会。,Tăng thêm một cơ hội phụ khi thám hiểm thất bại.
SHOP_SOLD_OUT,Sold Out,売り切れ,품절,售完,售完,Hết hàng
QUEST_PROCESS_CURRENT,(Current: %d),(現在 %d),(현재 %d),（目前 %d）,（目前 %d）,(Hiện tại: %d)
DESTINATION_D_LOCKER,Security Car,保安車両,보안 칸,保全車廂,保全车厢,Toa bảo an
DESTINATION_HINT_STUCKDOOR_TITLE,Door Repair Notice,ドア修理のお知らせ,출입문 수리 알림,車門維修公告,车门维修公告,Thông báo sửa cửa ra vào
TUTO_FIND_3_2,"The light at the bottom right of the screen represents your detection chances.
If you incorrectly detect an anomaly or move to the next car without detecting one, a charge will be lost. If all are lost, you will be returned to the starting point.
Reach the goal car without failing to clear the stage.","画面右下にある光は、あなたに与えられた探知チャンスです。
異変を誤って感知する、または感知せずに次の車両へ進むと破壊され、すべて失うとスタート地点に戻されます。
失敗せずに目標マスに到達すればクリアです。","화면 오른쪽 아래 위치한 불빛은 당신에게 주어진 탐지 기회입니다.
이변을 잘못 감지하거나 감지하지 못하고 다음 칸으로 이동하면 파괴되며, 모두 파괴되면 시작 지점으로 되돌아옵니다.
실패하지 않고 목표 칸에 도착하면 클리어입니다.","畫面右下的光代表你擁有的探測機會。
若錯誤偵測異變或未偵測就移動到下一格，機會會被消耗，全部耗盡後將返回起始位置。
若未失敗並抵達目標格即為通關。","屏幕右下的光代表你拥有的探测机会。
如果错误检测异常或未检测就移动到下一格，机会会被消耗，全部耗尽后将返回起始位置。
若未失败并到达目标格即为通关。","Đèn ở góc dưới cùng bên phải màn hình hiển thị số cơ hội thám hiểm của bạn.\nNếu bạn phán đoán sai hoặc bỏ qua hiện tượng lạ khi đi tiếp, một đèn sẽ tắt. Khi tất cả đèn đều tắt, bạn sẽ bị đưa trở lại điểm xuất phát.\nĐi đến toa mục tiêu mà không bị hết lượt để hoàn thành màn chơi."
TUTO_TITLE_ANOMALY_GHOST_H,Ghost Anomaly H,幽霊異変H,유령 이상현상 H,幽靈異變H,幽灵异变H,Cảnh H Hiện tượng lạ Uỷ mị (Ghost)
ROUTE_INFO_ACCELERATION,Mistress Konial does enjoy testing the limits of speed from time to time.,コニアル様は時折、速度の限界をお試しになるのです。,코니알 님께선 가끔 속도의 한계를 시험하시곤 합니다.,柯尼亞爾大人偶爾會測試速度的極限。,柯尼亚尔大人偶尔会测试速度的极限。,Thỉnh thoảng cô Konial cũng thích thử thách giới hạn của tốc độ đấy.
ROUTE_TITLE_FELLATION,Blowjob,フェラチオ,펠라치오,口交,口交,Thổi kèn (Blowjob)
LOVE_BONUS,Spare Panties,予備のパンティ,예비용 팬티,備用內褲,备用内裤,Quần lót dự phòng
ROUTE_INFO_DEFORME,Perhaps you missed it because it became too small?,小さくなりすぎて、見落としてしまわれたのですか？,너무 작아져서 못 보고 지나친 건가요?,是不是因為變得太小，所以看漏了呢？,是不是因为变得太小，所以看漏了呢？,Có phải vì nó thu nhỏ quá mức nên bạn đã bỏ sót không?
SAVE_OVERLAP,Overwrite,上書き,덮어쓰기,覆蓋存檔,覆盖存档,Ghi đè
ROUTE_INFO_DIVE,Please keep a close eye on the water's surface.,水面の上を、よくご覧になってください。,수면 위를 잘 지켜봐 주세요.,請仔細注意水面上方。,请仔细注意水面上方。,Xin hãy chú ý quan sát kỹ mặt nước.
SCENE_MATING_PRESS,Mating Press,種付けプレス,교배프레스,交配壓制,交配压制,Tư thế ép đẩy (Mating Press)
OPTION_CHAR_VOLUME,Voice Volume,ボイス音量,캐릭터 음량,角色音量,角色音量,Âm lượng giọng nói
BOX_MAP_ITEM_3_INFO,"A slip of paper with lost item locations.
Marks train cars containing lost items from car 41 onward on your Kankan Navi.","落とし物の位置が記された紙。
41号車以降のうち、落とし物がある車両をシャリョーナビに表示します。","분실물의 위치가 적힌 종이입니다.
41번 이후 칸 중 분실물이 있는 전차칸을 칸칸네비에 표시합니다.","記載著失物位置的紙張。
將第41節之後車廂中藏有失物的電車車廂標示在車廂導航上。","记载着失物位置的纸张。
将第41节之后车厢中藏有失物的电车车厢标示在车厢导航上。",Một mảnh giấy ghi chép vị trí của các món đồ thất lạc. Đánh dấu các toa tàu có chứa đồ thất lạc từ toa 41 trở đi trên Bản đồ dẫn đường của bạn.
ROUTE_INFO_PARTNER_ANOMALY4,"I think that style suits her quite well, too.",そのようなスタイルも、よくお似合いだと思います。,그런 스타일도 잘 어울리신다고 생각합니다.,我覺得那種造型也很適合她呢。,我觉得那种造型也很适合她呢。,Tôi nghĩ phong cách đó cũng rất hợp với cô ấy đấy chứ.
DESTINATION_HINT_CLOCK_INFO,"A clock that's completely stopped. There's a memo stuck to the back.
""BEYOND REPAIR - No matter how I adjust it, it's always [color=#ADFF2F]3 hours and 15 minutes fast[/color]! I smashed it out of frustration and now it won't run at all. Throw it away for all I care!""","完全に止まってしまった時計だ。裏にメモが貼ってある。
『修理不可――いくら調整しても、[color=#ADFF2F]3時間15分で止まってしまう[/color]！頭にきたので叩いたらウンともスンとも言わなくなった。捨てるなり何なり好きにしてくれ！』","완전히 멈춰버린 시계이다. 뒤에 메모지가 붙어 있다.
'수리 불가 - 아무리 조정해도 결국 [color=#ADFF2F]3시간 15분 빠른 시간이 표시됨[/color]! 열받아서 내리친 탓에 멈춰버렸으니 내다 버리든 알아서 하세요!'","一個完全停止的時鐘。後面貼著一張便條。
「無法修理——不管怎麼調整，最後都會[color=#ADFF2F]顯示快3小時15分鐘[/color]的時間！氣得我摔了一下，結果它就停了，要丟掉還是怎樣隨便你們！」","一个完全停止的时钟。后面贴着一张便条。
「无法修理——不管怎么调整，最后都会[color=#ADFF2F]显示快3小时15分钟[/color]的时间！气得我摔了一下，结果它就停了，要丢掉还是怎样随便你们！」","Một chiếc đồng hồ đã ngừng chạy hoàn toàn. Có một mảnh giấy ghi chú dán ở mặt sau:\n""KHÔNG THỂ SỬA - Cho dù điều chỉnh thế nào đi nữa, nó vẫn [color=#ADFF2F]chạy nhanh 3 tiếng 15 phút[/color]! Do tức giận đập vào nên giờ nó hỏng hẳn luôn rồi. Vứt đi hay làm gì tùy ý!"""
LEAD_AGAIN_DESCRIPTION,Replay this event?,イベントをもう一度見ますか？,이벤트를 다시 볼까요?,要重新觀看事件嗎？,要重新观看事件吗？,Xem lại sự kiện này chứ?
ROUTE_INFO_PARTNER_ANOMALY5,Perhaps she was so absorbed in her exploration that she forgot to get dressed...,探索に熱中するあまり、着るのを忘れてしまったのでしょうか……,탐색에 너무 열중하신 나머지 입는 것을 깜박하신 건지..,是不是太專注於探索，結果忘了穿衣服呢……,是不是太专注于探索，结果忘了穿衣服呢……,Có lẽ vì quá mải mê thám hiểm nên cô ấy đã quên mặc quần áo chăng...
ROUTE_INFO_PARTNER_ANOMALY6,This one... I believe they want you to notice them.,これは……彼女たちの方から、見てほしがっているようでございますね。,이건.. 그녀들이 알아봐 주길 바라는 거 같습니다.,這個嘛……她們似乎希望有人能注意到。,这个嘛……她们似乎希望有人能注意到。,Cái này... Tôi nghĩ họ muốn bạn chú ý đến họ đấy.
ROUTE_INFO_XXX,I wonder how many more will appear?,一体いくつまで増えるのでしょうか？,몇개까지 늘어나는 걸까요?,到底會增加到幾個呢？,到底会增加到几个呢？,Liệu nó sẽ tăng lên đến bao nhiêu cái đây?
SCENE_FELLATIO,Blowjob,フェラ,펠라,口交,口交,Thổi kèn (Blowjob)
NOW_DESTINATION_NOTHING,No Terminal,終着点なし,종착점 없음,無終點站,无终点站,Không có ga cuối
ROUTE_INFO_PARTNER_ANOMALY1,Please observe your accompanying partner closely as well.,同行されているパートナーの方も、注意深く観察してくださいませ。,동행하는 파트너도 주의깊게 관찰해 주십시오.,請也仔細觀察同行的夥伴。,请也仔细观察同行的伙伴。,Xin hãy chú ý quan sát kỹ cả người bạn đồng hành của mình nữa.
ROUTE_INFO_PARTNER_ANOMALY2,Your accompanying partner is also... closely... Never mind.,同行されているパートナーの方も……注意深く……いえ、何でもございません。,동행하는 파트너도.. 주의깊게.. 아닙니다.,同行的夥伴也……要仔細……不，沒什麼。,同行的伙伴也……要仔细……不，没什么。,"Người bạn đồng hành của bạn cũng... cần quan sát... Mà thôi, không có gì đâu."
<!MissingKey:230:You can spend one Commemorative Coin to unlock a locked Route.>,"You can spend one Commemorative Coin to unlock a locked Route.
Commemorative Coins can be obtained by trading with the Butler or through gameplay.","記念硬貨を1枚消費して、ロックされた路線をアンロックできます。
記念硬貨は執事と交換するか、ゲームをプレイすることで獲得できます。","기념 주화를 한 개 소모하여 잠긴 노선을 해제할 수 있습니다.
기념 주화는 집사에게서 교환하거나 게임을 플레이하며 획득할 수 있습니다.","消耗一枚紀念硬幣即可解鎖已上鎖的路線。
紀念硬幣可向執事兌換，或在遊戲過程中獲得。","消耗一枚纪念硬币即可解锁已上锁的路线。
纪念硬币可向执事兑换，或在游戏过程中获得。",Bạn có thể dùng một Đồng xu kỷ niệm để mở khóa tuyến đường đang khóa.\nĐồng xu kỷ niệm có thể nhận được bằng cách trao đổi với Quản gia hoặc thông qua quá trình chơi game.
TUTO_TITLE_BUTLER_H,Butler H,執事H,집사 H,管家H,管家H,Cảnh H Quản gia
ROUTE_INFO_PARTNER_ANOMALY3,I-I'm relieved you didn't see it.,み、見られなかったのでしたら、何よりでございます。,모.. 못 보셨다니 다행입니다.,沒、沒看到的話就太好了。,没、没看到的话就太好了。,R-rất may là bạn đã không nhìn thấy nó.
NOTI_ITEM_COLA2,This car doesn't seem to have any anomalies.,異変が存在しない車両のようだ。,이변이 존재하지 않는 칸 같다.,這節車廂似乎沒有異變。,这节车厢似乎没有异变。,Toa tàu này có vẻ không có hiện tượng lạ nào cả.
NOTI_ITEM_COLA1,The cola isn't responding...,コーラの反応がない……,콜라의 반응이 없다..,可樂沒有反應……,可乐没有反应……,Chai cola không có phản ứng gì...
NOTI_EXP_UP_REINA,You grew closer to Reina.,怜奈とさらに仲良くなったようだ。,레이나와 더 친해진 거 같다.,跟怜奈的關係似乎變得更親近了……,跟怜奈的关系似乎变得更亲近了……,Có vẻ bạn đã trở nên thân thiết hơn với Reina.
ROUTE_TITLE_XXX,XXX,XXX,XXX,XXX,XXX,XXX
ROUTE_INFO_REI_KOKYO,"It's from a work called Shining Labyrinth. 
Rei has white twintails, and Kokyo has the gold bob cut... 
Please try to remember their outfits carefully.","『シャイニング・ラビリンス』という作品でございます。
白いツインテールがレイ、金色のボブがコキョという名前だそうですが……
服装をよく覚えておいてくださいませ。","샤이닝 라비린스'라는 작품입니다.흰색 트윈테일은 레이, 금색 단발은 코쿄라고 하는데.. 복장을 잘 기억해 주세요.","那是《閃耀迷宮》這部作品。
白色雙馬尾的是蕾伊，金色短髮的是小京……請好好記住她們的服裝。","那是《闪耀迷宫》这部作品。
白色双马尾的是蕾伊，金色短发的是小京……请好好记住她们的服装。","Đó là hình minh họa từ tác phẩm mang tên ""Mê cung tỏa sáng"" (Shining Labyrinth). Cô gái tóc hai bím màu trắng tên là Rei, còn cô gái tóc ngắn màu vàng tên là Kokyo... Xin hãy ghi nhớ kỹ trang phục của họ nhé."
ROUTE_TITLE_DROP,Falling,落下,낙하,落下,落下,Rơi xuống
NPC_ANO_H_DESCRIPTION,"After a successful detection, you will be able to purify any Anomalies that appear on your partner.",感知に成功すると、パートナーに生じた異変を浄化できるようになります。,"감지 성공 후, 파트너에게 생겨난 이변을 정화 가능해집니다",感知成功後，可淨化夥伴身上產生的異變。,感知成功后，可净化伙伴身上产生的异变。,"Sau khi phát hiện thành công, bạn sẽ có thể thanh tẩy bất kỳ hiện tượng lạ nào xuất hiện trên người bạn đồng hành."
CREDIT_ASSETS,Assets,アセット,에셋,素材,素材,Tài nguyên (Assets)
ROUTE_INFO_ALNICO,I wonder what kind of place Alnico Studio up there might be?,上の方にあるアルニコスタジオとは、どのような場所なのでしょうか？,위쪽의 알니코 스튜디오는 어떤 곳일까요?,上方的阿爾尼科工作室，是什麼樣的地方呢？,上方的阿尔尼科工作室，是什么样的地方呢？,Không biết Alnico Studio ở phía trên kia là nơi như thế nào nhỉ?
DESTINATION_D_TICKET_CHECK,Ticket Check Car,検札車両,검표 칸,驗票車廂,验票车厢,Toa kiểm vé
OPTION_LANGUAGE,Language,言語,언어,語言,语言,Ngôn ngữ
PLAY_TIME,Play Time,プレイ時間,플레이 타임,已遊玩時間,已游玩时间,Thời gian chơi
SCENE_ONAHLE_HJ,Onahole Handjob,オナホコキ,오나홀 대딸,飛機杯打手槍,飞机杯打手枪,Dùng cốc liên hoan (Onahole HJ)
ROUTE_TITLE_CAUTIONSTICKER,Sticker,ステッカー,스티커,貼紙,贴纸,Nhãn dán
ROUTE_INFO_DICKWALKER,"It's rather grotesque, I'm afraid... but being cornered seems to be your chance.",少々グロテスクですが……隅に追い詰めた時がチャンスかと思われます。,좀 징그럽습니다만.. 구석에 몰렸을 때가 찬스일 거 같습니다.,雖然有點噁心……但被逼到角落的時候，應該就是機會了。,虽然有点恶心……但被逼到角落的时候，应该就是机会了。,Trông hơi ghê rợn một chút... nhưng khi nó bị dồn vào góc sẽ là cơ hội tốt của bạn đấy.
NOTI_LOVE_LEVEL_UP,Affection Level Up,好感度レベル上昇,호감도 레벨 상승,好感度等級提升,好感度等级提升,Tăng cấp Thiện cảm
DESTINATION_D_HANDFAN,Broken AC Car,冷房故障車両,냉방 고장 칸,冷氣故障車廂,冷气故障车厢,Toa hỏng điều hòa
CREDIT_CREATED,Created by,制作,제작,製作,制作,Phát triển bởi
CHAPTER_CHANGING_GOAL_COUNT,Target Car:,目標車両：,목표 칸 :,目標車廂：,目标车厢：,Toa đích:
CREDIT_SPECIAL_THANKS,"To Evzki and 36 other supporters
who cheered us on and backed the game until completion","ゲームの完成を応援し、支援してくださった
Evzki様、ほか36名の支援者の皆様","게임의 완성까지 응원하고 후원해 주신 
Evzki님 외 36명의 후원자 분들","感謝支持遊戲完成並給予贊助的
Evzki 以及其他36位贊助者","感谢支持游戏完成并给予赞助的
Evzki 以及其他36位赞助者",Xin gửi lời cảm ơn đặc biệt đến bạn Evzki cùng 36 nhà tài trợ khác đã cổ vũ và ủng hộ để hoàn thành tựa game này.
DESTINATION_D_LOWSPEED,Slow Car,低速車両,저속 칸,慢速車廂,慢速车厢,Toa tốc độ chậm
GHOST_SKIP_DESCRIPTION,"A token of friendship.
While equipped, Ghosts will not interfere with you.","友情の証。
装着中は幽霊たちの妨害を受けません。","친구의 증표입니다
착용중엔 귀신들의 방해를 받지 않습니다","這是友誼之證。
佩戴期間免疫鬼魂的妨礙。","这是友谊之证。
佩戴期间免疫鬼魂的妨碍。","Biểu tượng của tình bạn.
Khi trang bị, ma quỷ sẽ không quấy rầy bạn."
TUTO_TITLE_FIND,Find the Anomaly,異変を探せ,이변 탐지,找出異變,找出异变,Tìm hiện tượng lạ
SCENE_PAIZURI,Titjob,パイズリ,파이즈리,乳交,乳交,Cạ ngực (Titjob)
ROUTE_INFO_GIANTKONIAL,"For some reason, Mistress Konial has become quite enormous...",なぜか、とても大きくなってしまわれたコニアル様が……,어째선지 무척 커져 버린 코니알님이..,不知為何，柯尼亞爾大人變得非常巨大……,不知为何，柯尼亚尔大人变得非常巨大……,"Không hiểu sao, cô Konial lại trở nên to lớn khác thường..."
HINT_ITEM_WITH_MAI,"A hint that may lead you to a certain Terminal.
Mai seems like she might be interested.","どこかの終着点へと移動できるヒント。
舞が興味を持ちそうだ。","어딘가의 종착점으로 이동할 수 있는 힌트입니다
마이가 관심을 가질 거 같습니다","這是可以前往某個終點站的提示。
舞似乎會對此感興趣。","这是可以前往某个终点站的提示。
舞似乎会对此感兴趣。","Một gợi ý có thể dẫn bạn đến ga cuối nào đó.
Có vẻ Mai sẽ hứng thú với thứ này đấy."
MAIN_LOAD,Load,ロード,불러오기,讀取,读取,Tải
ERO_GAUGE,Lust,情念,정념,情念,情念,Dục vọng
COLLECT_AREA_UP,Imitation Breasts,偽造おっぱい,모조 가슴,矽膠假奶,矽胶假奶,Ngực giả
DESTINATION_HINT_PARTNER_ANOMALY_TITLE,Groper Warning,痴漢へのご注意,치한 주의문,慎防痴女,慎防痴女,Cảnh báo quấy rối
NOTI_NEW_BOX_MAP_ADDED,Lost item location registered.,落とし物の位置情報が登録されました。,분실물 위치 정보가 등록되었습니다.,失物位置資訊已登錄。,失物位置资讯已登录。,Vị trí đồ thất lạc đã được ghi nhận.
ROUTE_TITLE_TUNNEL,Tunnel,トンネル,터널,隧道,隧道,Đường hầm
HELP,Help,ヘルプ,도움말,說明,帮助,Trợ giúp
HINT_ITEM_WITH_EQUIPMENT,"A hint that may lead you to a certain Terminal.
It seems you might be able to recover a lost item.","どこかの終着点へと移動できるヒント。
落とし物を拾えそうだ。","어딘가의 종착점으로 이동할 수 있는 힌트입니다
분실물을 획득할 수 있을 거 같습니다","這是可以前往某個終點站的提示。
似乎可以獲得遺失物。","这是可以前往某个终点站的提示。
似乎可以获得遗失物。","Một gợi ý có thể dẫn bạn đến ga cuối nào đó.
Có vẻ bạn có thể tìm lại được một món đồ thất lạc."
TUTO_PRESS_KANKAN_ICON,Please click the Phone icon.,携帯アイコンをクリックしてください。,핸드폰 아이콘을 클릭해 주세요.,請點擊手機圖示。,请点击手机图示。,Hãy nhấp vào biểu tượng điện thoại.
RETURN_BASE_TITLE,T Key: Return to Start,Tキー：帰還,T키 : 귀환,T鍵：返回起點,T键：返回起点,Phím T: Quay về điểm xuất phát
SCENE_SUMATA,Thighjob,素股,스마타,素股,素股,Cạ đùi (Thighjob)
ROUTE_TITLE_FLIGHT,Flying,飛行,비행,飛行,飞行,Bay
LOVE_BRACELET_DESCRIPTION,"Successful detection while equipped increases Konial's Affection.
Kankan Navi cannot be used while equipped, and all Route Map settings will be reset.","装着した状態で探知に成功すると、コニアルの好感度が上昇します。
装着中はシャリョーナビが使用不可になり、設定済みの路線図がすべて解除されます。","착용한 채 탐지에 성공하면 코니알의 호감도가 오릅니다
착용중엔 칸칸네비가 사용 불가하며 기존 설정된 노선도가 전부 해제됩니다","佩戴期間探測成功，可提升柯尼亞爾的好感度。
佩戴期間無法使用車廂導航，且已設定的路線圖將全部解除。","佩戴期间探测成功，可提升柯尼亚尔的好感度。
佩戴期间无法使用车厢导航，且已设置的路线图将全部解除。","Phát hiện thành công khi đeo vòng sẽ tăng Thiện cảm của Konial.
Khi đang đeo, Bản đồ dẫn đường sẽ không thể sử dụng và các thiết lập tuyến đường hiện tại sẽ bị xóa bỏ."
MULTIPLE_CHOICE,Used Lipstick,使いかけのリップスティック,쓰다만 립스틱,用過的口紅,用过的口红,Son môi đã qua sử dụng
ROUTE_APP_NEED_COIN,Required Coins:,必要コイン数：,필요 코인 :,所需紀念硬幣：,所需纪念硬币：,Xu cần:
ROUTE_TITLE_BUTTOCKS,Butt,お尻,엉덩이,屁股,屁股,Mông
ROUTE_TITLE_SLINGSHOT,Slingshot Bikini,スリングショット,슬링샷,彈弓比基尼,彈弓比基尼,Bikini dây (Slingshot)
SCENE_SITTING_REVERSE,Reverse Cowgirl,背面座位,배면좌위,背面騎乘位,背面骑乘位,Tư thế ngược (Reverse Cowgirl)
DESTINATION_HINT_MILK_TITLE,Empty Milk Bottle,空の牛乳瓶,빈 우유병,空牛奶瓶,空牛奶瓶,Bình sữa rỗng
SCENE_WALL_LEAN,Against the Wall,壁際,벽에 기대서,靠牆,靠墙,Tư thế dựa tường
SCENE_DOGGYSTYLE,Doggy Style,バック,후배위,後背位,后背位,Tư thế phía sau (Doggy Style)
ROUTE_HINT_PINNED,Pin Hint,ヒント固定,힌트 고정,釘選提示,钉选提示,Ghim gợi ý
ROUTE_TITLE_YUKIONNA,Snow Woman,雪女,설녀,雪女,雪女,Nữ tuyết (Yuki-onna)
ROUTE_APP_ROUTE_CLEAR,Clear,リセット,비우기,清空,清空,Xóa
ERO_GAUGE_COMSUME_UP_DESCRIPTION,Increases the rate of Lust consumption during sex scenes with your partner.,パートナーとHする際、情念の消耗速度が上がります。,파트너와 H할 시 정념의 소모 속도를 늘립니다,與夥伴進行H時，增加情念的消耗速度。,与伙伴进行H时，增加情念的消耗速度。,Tăng tốc độ tiêu hao điểm Dục vọng khi thực hiện H với bạn đồng hành.
ROUTE_INFO_TOPLESS,Please check the clothing on billboard above.,上にある広告看板の服をご確認くださいませ。,위쪽 광고판의 옷들을 확인해주세요.,請確認上方廣告看板的衣物。,请确认上方广告看板的衣物。,Hãy kiểm tra quần áo trên biển quảng cáo phía trên nhé.
NOTI_FIRST_FIND_ROUTE,New Anomaly detected!,異変の初回探知に成功,이변 최초 탐지 성공,首次探測到異變,首次探测到异变,Đã phát hiện hiện tượng lạ mới!
ROUTE_TITLE_PANCHIRA,Panty Shot,パンチラ,판치라,露底,露底,Lộ hàng (Panty Shot)
DESTINATION_D_PARTNER_ANOMALY,Groper Car,痴漢車両,치한 칸,痴女車廂,痴女车厢,Toa quấy rối
CHAPTER_TITLE_4,Chapter 4,第4章,제 4장,第4章,第4章,Chương 4
CHAPTER_TITLE_5,Chapter 5,第5章,제 5장,第5章,第5章,Chương 5
RAPE_RESIST_GUIDE,Hold Back,射精を我慢,사정 참기,忍住射精,忍住射精,Nhịn xuất tinh
CHAPTER_TITLE_6,Chapter 6,第6章,제 6장,第6章,第6章,Chương 6
TUTO_TITLE_BASE_H_ACTION,Basic H Action,基本Hアクション,기본 H 액션,基本H行動,基本H行动,Thao tác H cơ bản
ROUTE_INFO_DESTROYED,Who could've done this?!,一体どなたがこのようなことをなさったのでしょうか…？,누가 이렇게 만든 건가요..?!,是誰把它弄成這樣的……？！,是谁把它弄成这样的……？ ！,Ai lại phá hoại ra nông nỗi này chứ...?!
CHAPTER_TITLE_0,Prologue,プロローグ,프롤로그,序章,序章,Mở đầu
ROUTE_APP_NOT_FIND_DESCRIPTION,This Anomaly hasn't been discovered yet.,まだ探知できていない異変です。,아직 발견하지 못한 이변입니다.,這是尚未發現的異變。,这是尚未发现的异变。,Hiện tượng lạ này vẫn chưa được phát hiện.
CHAPTER_TITLE_1,Chapter 1,第1章,제 1장,第1章,第1章,Chương 1
CHAPTER_TITLE_2,Chapter 2,第2章,제 2장,第2章,第2章,Chương 2
CHAPTER_TITLE_3,Chapter 3,第3章,제 3장,第3章,第3章,Chương 3
DESTINATION_HINT_PARTNER_ANOMALY_INFO,"Attention passengers of Train 45.
Recently, there have been incidents of intentionally causing discomfort to other passengers.
Please be advised that the following indecent behaviors are subject to sanctions and may result in removal from the train:
[color=#ADFF2F]- Excessive exposure resulting in visible undergarments[/color]
[color=#ADFF2F]- Removing clothing to explicitly reveal private areas[/color]
[color=#ADFF2F]- Assuming inappropriate postures other than normal standing[/color]
To date, all identified perpetrators have been female, with male passengers as the primary victims.
However, thanks to the remarkable patience and tolerance of the victimized male passengers, not a single report has been filed to date, making early intervention difficult.
While not reporting despite being victimized has seemingly become an unspoken rule, this constitutes a clear violation of regulations. We kindly request your active cooperation in reporting such incidents going forward.'","『当45番電車をご利用の乗客の皆様にお知らせいたします。
最近、一部のお客様による、他のお客様へ意図的に不快感を与える行為が確認されています。
特に、以下のような公序良俗に反する行為は規則に則って乗車を制限させて頂く場合がございますので、ご注意ください。
[color=#ADFF2F]- 過度な露出。下着等が見えている行為。[/color]
[color=#ADFF2F]- 衣服を脱ぎ。局部を露骨に露出する行為。[/color]
[color=#ADFF2F]- 通常の直立状態ではない、不適切な姿勢を意図的にとる行為。[/color]
主な加害者は女性で、被害者は男性であるケースが多く確認されています。
しかし、被害男性のお客様の皆様の驚くべき忍耐と寛容のおかげか、現在まで一件の通報も寄せられておらず、摘発が難航しております。
被害に遭われているにもかかわらず通報しないことが暗黙の了解となっているようですが、これは明白な迷惑行為となりますので、積極的な通報のご協力をお願いいたします。』","본 45번 전차를 이용하시는 승객 분들께 알립니다.
최근, 상대방에게 의도적으로 불쾌감을 주는 행위가 적발되고 있습니다.
특히, 다음과 같은 문란 행위는 전차 탑승이 제재되므로 주의 부탁드립니다.
[color=#ADFF2F]- 과도한 노출로 인해 속옷이 드러나는 행위[/color]
[color=#ADFF2F]- 의상을 탈의해 중요 부위가 적나라하게 노출되는 행위[/color]
[color=#ADFF2F]- 평범한 기립 상태가 아닌 부적절한 자세를 취하는 행위[/color]
현재까지 파악된 가해자는 여성으로, 주된 피해자는 남성 승객으로 확인되었습니다.
그러나 피해 남성 승객 여러분의 놀라운 인내심과 관용 덕분인지, 현재까지 단 한 건의 신고도 접수되지 않아 초기 대응에 어려움이 있었습니다.
피해를 입으셨음에도 불구하고 신고를 하지 않는 것이 암묵적인 룰처럼 번지고 있으나, 이는 명백한 위법 행위이므로, 앞으로는 적극적인 신고와 협조 부탁드립니다.'","敬告搭乘本45號列車的各位乘客：
近期發現有人刻意對他人做出令人不悅的行為。
特別是以下淫亂行為將被禁止搭乘電車，敬請注意：
[color=#ADFF2F]- 過度暴露導致內衣外露的行為[/color]
[color=#ADFF2F]- 脫下衣物使私密部位赤裸暴露的行為[/color]
[color=#ADFF2F]- 擺出非正常站立姿態的不當姿勢[/color]
目前查明的加害者為女性，主要受害者為男性乘客。
然而，或許是因為受害男性乘客們驚人的忍耐力與寬容，至今沒有收到任何一件報案，導致初期應對上遇到困難。
儘管遭受侵害卻不報案的行為似乎已成為一種默契，但這明顯是違法行為，今後還請各位積極報案並配合。","敬告搭乘本45号列车的各位乘客：
近期发现有人刻意对他人做出令人不悦的行为。
特别是以下淫乱行为将被禁止搭乘电车，敬请注意：
[color=#ADFF2F]- 过度暴露导致内衣外露的行为[/color]
[color=#ADFF2F]- 脱下衣物使私密部位赤裸暴露的行为[/color]
[color=#ADFF2F]- 摆出非正常站立姿态的不当姿势[/color]
目前查明的加害者为女性，主要受害者为男性乘客。
然而，或许是因为受害男性乘客们惊人的忍耐力与宽容，至今没有收到任何一件报案，导致初期应对上遇到困难。
尽管遭受侵害却不报案的行为似乎已成为一种默契，但这明显是违法行为，今后还请各位积极报案并配合。","Kính gửi toàn thể quý hành khách đang sử dụng tuyến tàu số 45.\nGần đây, chúng tôi phát hiện một số hành vi cố ý gây phiền toái cho người khác.\nĐặc biệt, xin lưu ý các hành vi khiếm nhã sau đây sẽ bị phạt và có thể bị cưỡng chế rời khỏi tàu:\n[color=#ADFF2F]- Hành vi ăn mặc quá hở hang để lộ đồ lót[/color]\n[color=#ADFF2F]- Hành vi cởi bỏ y phục để lộ trực tiếp bộ phận nhạy cảm[/color]\n[color=#ADFF2F]- Hành vi tạo tư thế không đứng đắn, khác với tư thế đứng thẳng thông thường[/color]\nCho đến nay, tất cả các đối tượng vi phạm được xác định là nữ giới, và nạn nhân chủ yếu là các hành khách nam.\nTuy nhiên, có lẽ nhờ vào sự kiên nhẫn và bao dung đáng kinh ngạc của các hành khách nam là nạn nhân, cho đến nay vẫn chưa có một báo cáo nào được ghi nhận, gây khó khăn cho việc xử lý sớm.\nMặc dù bị quấy rối nhưng việc không báo cáo dường như đã trở thành một quy luật ngầm, song đây rõ ràng là hành vi vi phạm quy định. Chúng tôi khẩn thiết yêu cầu sự hợp tác tích cực của quý hành khách trong việc báo cáo các sự việc tương tự từ nay về sau."
DESTINATION_HINT_ENGINE_ROOM_INFO,"A page from Konial's notebook.
""Afternoon Schedule - Tea time with 45 in the Engine Room""
""Let's see, there are 4 Routes to get there? First, the two at the beginning are...""
'[color=#ADFF2F]Roulette[/color] and [color=#ADFF2F]hot spring[/color]? Are those the Terminals? Was there something there?'
""...The Routes to the Engine Room are written here. Mistress Konial, please refrain from recording important information on paper...""
""Shut it! You want me to ask you every single time? ...Whatever, just tell me the last two numbers.""
""Y-yes, um, that's... The last two numbers are... the date you took me in, Mistress Konial.""
""Hah? How am I supposed to know that?!""
""D-don't worry, I [color=#ADFF2F]wrote the date on this poster[/color] so you wouldn't forget...!""
""*Sigh*... From now on, your place is right next to that poster. You're not allowed to move from there.""","コニアルがいつも持ち歩いている手帳の1ページ。
『午後の予定――機関室で45とティータイム。』
『ええと、向かう路線は全部で4つ？ まず前の2つは……』
『[color=#ADFF2F]ルーレット[/color]と[color=#ADFF2F]温泉[/color]？ 終点のことか？ ここに何かあったか？』
『……機関室へ向かう路線が書かれています。コニアル様、重要な情報は紙に記録しないほうが……』
『うるさい！ じゃあ毎回執事のお前に聞けと言うのか？ ……もういい、最後の番号2つ教えろ。』
『は、はい、そ、それは……最後の番号2つは……コニアル様がわたくしを拾ってくださった日付でございます。』
『はあ？ そんなの私が覚えてるわけないだろう？』
『ご、ご心配なく。お忘れにならないよう、[color=#ADFF2F]このポスターに日付を書いておきました[/color]……！』
『はぁ……これからお前の席はそのポスターの横だ。絶対離れるんじゃないぞ。』","코니알이 항상 지니던 수첩중 한 페이지.
'오후 일정 - 기관실에서 45와 티타임'
'어디 보자, 향하는 노선은 총 4개? 우선 앞의 두개는..'
'[color=#ADFF2F]룰렛[/color]과 [color=#ADFF2F]온천[/color]? 종착점을 말하는 거야? 여기 뭔가 있었나?'
'..기관실로 향하는 노선이 적혀 있습니다. 코니알 님, 그리고 중요한 정보는 종이에 기록하지 않으시는 게..'
'시끄러! 그럼 맨날 집사 너한테 물어보라고? ..됐고, 마지막 번호 두개 말해.'
'네, 그 그게.. 마지막 번호 두개는.. 코니알님이 저를 거두신 날짜입니다.'
'하? 그런 걸 내가 어떻게 알아?!'
'거, 걱정 마십시오, 잊어버리지 않으시도록 [color=#ADFF2F]이 포스터에 날짜를 적어놨습니다..![/color]'
'하아.. 이제부터 네 자리는 그 포스터 옆이야. 절대 벗어나면 안된다.'","柯尼亞爾隨身攜帶的筆記本中的一頁。
「下午行程——在機關室和45喝下午茶。」
「讓我看看，前往的路線總共4條？首先前面兩條是……」
「[color=#ADFF2F]輪盤[/color]和[color=#ADFF2F]溫泉[/color]？指的是終點站嗎？這裡有什麼來著？」
「……上面記載了前往機關室的路線。柯尼亞爾大人，還有，重要情報最好不要寫在紙上……」
「吵死了！那要我每天都問你嗎？……算了，把最後兩個數字告訴我。」
「是、是的，那、那個……最後兩個數字是……柯尼亞爾大人收留我的日期。」
「蛤？那種事我怎麼會記得？！」
「請、請放心，為了讓您不會忘記，我已經把[color=#ADFF2F]日期寫在這張海報上[/color]了……！」
「哈啊……從現在起你的位置就在那張海報旁邊。絕對不准離開。」","柯尼亚尔随身携带的笔记本中的一页。
「下午行程——在机关室和45喝下午茶。」
「让我看看，前往的路线总共4条？首先前面两条是……」
「[color=#ADFF2F]轮盘[/color]和[color=#ADFF2F]温泉[/color]？指的是终点站吗？这里有什么来着？」
「……上面记载了前往机关室的路线。柯尼亚尔大人，还有，重要情报最好不要写在纸上……」
「吵死了！那要我每天都问你吗？……算了，把最后两个数字告诉我。」
「是、是的，那、那个……最后两个数字是……柯尼亚尔大人收留我的日期。」
「蛤？那种事我怎么会记得？！」
「请、请放心，为了让您不会忘记，我已经把[color=#ADFF2F]日期写在这张海报上[/color]了……！」
「哈啊……从现在起你的位置就在那张海报旁边。绝对不准离开。」","Một trang trong cuốn sổ tay mà Konial luôn mang theo bên mình.\n""Lịch trình buổi chiều - Uống trà với 45 ở Phòng động cơ""\n""Xem nào, có tổng cộng 4 tuyến đường để đến đó? Trước tiên, hai tuyến ở đầu là...""\n""[color=#ADFF2F]Vòng quay[/color] và [color=#ADFF2F]suối nước nóng[/color]? Đó là các ga cuối sao? Ở đó có thứ gì à?""\n""...Các tuyến đường đến Phòng động cơ được ghi ở đây. Cô Konial, xin đừng ghi chép những thông tin quan trọng ra giấy...""\n""Ồn ào quá! Bộ muốn ta lần nào cũng phải hỏi quản gia nhà ngươi chắc? ...Được rồi, nói cho ta biết hai số cuối đi.""\n""V-vâng, ừm, đó là... Hai số cuối là... ngày cô nhận nuôi tôi, thưa cô Konial.""\n""Hả? Làm sao ta biết được chuyện đó?!""\n""Đ-đừng lo lắng, tôi đã [color=#ADFF2F]viết ngày tháng lên bức áp phích này[/color] để cô không quên rồi...!""\n""Hầy... Từ giờ trở đi, chỗ của ngươi sẽ là ngay cạnh bức áp phích đó. Tuyệt đối không được rời đi đâu cả."""
TICKET_ITEM,Ticket,チケット,티켓,票券,票券,Vé
ROUTE_INFO_CONDENSATION,If you were to breathe on one of the glass windows near the entrance...,いずれかのドアの窓ガラスに、息を吹きかけてみますと……,어느 출입구 유리창에 입김을 불어 보면..,如果對某個出入口的玻璃窗呵氣的話……,如果对某个出入口的玻璃窗呵气的话……,Nếu thử hà hơi lên ô cửa kính của lối ra vào...
TICKET_ITEM_DESCRIPTION,"Lust manifested in the form of a Ticket.
Can be exchanged for various items with the Butler.","情念がチケットの形に変換されたもの。
執事の景品ショップで様々な景品と交換できます。","정념이 티켓의 형태로 구현된 모습입니다.
집사에게서 여러 상품과 교환할 수 있습니다.","情念化為票券後的型態。
可向執事交換各種道具。","情念化为票券后的型态。
可向执事交换各种道具。",Điểm Dục vọng được hiện thực hóa dưới hình dạng chiếc Vé.\nCó thể dùng để đổi lấy nhiều vật phẩm khác nhau từ Quản gia.
NOTI_MAX_COST_UP,Max Equipment Cost increased by +,最大装着コスト上昇 +,최대 장착 코스트 상승 +,最大裝備點數上限 +,最大装备点数上限 +,Tăng giới hạn trang bị tối đa +
QUEST_GOAL_TEXT_6,Head to the Terminal where Pazuzu is trapped.,パズズが閉じ込められた終着点へ移動しよう,파주주가 갇힌 종착점으로 이동하자,前往帕祖祖被困的終點站吧,前往帕祖祖被困的终点站吧,Hãy di chuyển đến ga cuối nơi Pazuzu đang bị giam giữ
QUEST_GOAL_TEXT_7,"Equip the Copper Bracelet, then proceed with exploration.",銅の腕輪を装備して探索を進めよう,구리 팔찌 장착후 탐색을 진행하자.,裝備銅手鐲後進行探索吧,装备铜手镯后进行探索吧,Hãy trang bị Vòng tay đồng và tiến hành thám hiểm
QUEST_GOAL_TEXT_4,Find Pazuzu's Wallet at a Special Terminal.,特別な終着点でパズズの財布を見つけよう,특별한 종착점에서 파주주의 지갑을 찾는다,在特別終點尋找帕祖祖的錢包,在特别终点寻找帕祖祖的钱包,Tìm chiếc ví của Pazuzu tại ga cuối đặc biệt
DESTINATION_HINT_CAT_INFO,"Multiple incidents of small animals entering gaps under the train and being electrocuted.
External barrier installation - PENDING
Equipment inspection - PENDING
Accident history inquiry - NO DATA
Memo - Unable to inspect all cars due to staff shortage. [color=#ADFF2F]Priority inspection and report on accident sites: cars 7, 22, 24, and 32[/color].","『車両下部の隙間に小動物が入り込み、感電する事故が数回発生。』
『外部遮断幕の設置 - 保留。』
『設備点検 - 保留。』
『事故履歴照会 - 資料なし。』
『メモ - 当直人員不足により全車両の点検は不可。[color=#ADFF2F]事故発生現場である7番、22番、24番、32番車両を優先して点検後、報告すること。[/color]』","전차 하부 틈새로 소동물이 들어가 감전당하는 사고 수차례 발생'
'외부 차단막 설치 -보류'
'설비 점검 -보류'
'사고 이력 조회 -자료 없음'
'메모 - 당직 인원 부족으로 전체 칸 점검 불가. [color=#ADFF2F]사고 지점인 7번, 22번, 24번, 32번 칸 우선 점검 후 보고[/color]'","「電車底部縫隙多次發生小動物鑽入觸電事故」
「外部隔離裝置安裝：擱置」
「設備檢修：擱置」
「事故記錄查詢：無資料」
「備註：因值班人員不足，無法全面檢修所有車廂。[color=#ADFF2F]優先檢修事故地點7號、22號、24號、32號車廂後回報。[/color]」","「电车底部缝隙多次发生小动物钻入触电事故」
「外部隔离装置安装：搁置」
「设备检修：搁置」
「事故记录查询：无资料」
「备注：因值班人员不足，无法全面检修所有车厢。[color=#ADFF2F]优先检修事故地点7号、22号、24号、32号车厢后回报[/color]。」","Đã xảy ra vài vụ tai nạn do thú nhỏ chui vào khe hở dưới gầm tàu và bị điện giật.\nLắp rào chắn bảo vệ bên ngoài - TẠM HOÃN\nKiểm tra thiết bị - TẠM HOÃN\nTruy xuất lịch sử tai nạn - KHÔNG CÓ DỮ LIỆU\nGhi chú - Do thiếu nhân viên trực ban nên không thể kiểm tra toàn bộ toa tàu. [color=#ADFF2F]Ưu tiên kiểm tra và báo cáo các toa xảy ra tai nạn: toa số 7, số 22, số 24 và số 32[/color]."
DESTINATION_HINT_ROULLET_INFO,"Train 45 x [color=#ADFF2F]Shining Labyrinth[/color] Pachinko Collaboration Campaign
Board Train 45 now and experience a special journey with your [color=#ADFF2F]favorite characters[/color]!
In-train stamp rally, character voice announcements, and limited goods giveaway events!
All staff will wear special uniforms during the campaign period!
...Don't tell me that ""special uniform"" is...
Yep. [color=#ADFF2F]Bunny girl[/color]. And [color=#ADFF2F]slingshot bikini[/color] as an optional extra.
Are they insane? This is a train, not a hostess club.
Company policy, nothing we can do. If you don't like it, take unpaid leave.","45番電車×[color=#ADFF2F]シャイニング・ラビリンス[/color] パチンコ コラボ記念キャンペーン
今45番電車にご乗車いただくと、あの[color=#ADFF2F]人気キャラクター[/color]との特別な旅体験をお楽しみ頂けます！
車内スタンプラリー、キャラクターボイス案内放送、限定グッズプレゼントイベントも実施中！
キャンペーン期間中、全従業員が特別衣装で勤務実施！
「……その特別衣装って、まさか……」
「うん。[color=#ADFF2F]バニーガール[/color]。あと追加オプションで[color=#ADFF2F]スリングショットビキニ[/color]も可だって。」
「頭おかしいんですか？ここは電車であって風俗店じゃないんですよ…？」
「会社の方針だから仕方ないでしょ。嫌なら無給休暇とれって言われたし。」","45번 전차 × [color=#ADFF2F]샤이닝 라비린스[/color] 파칭코 콜라보 기념 캠페인
지금 45번 전차에 탑승하시면, [color=#ADFF2F]인기 캐릭터[/color]와 함께하는 특별한 여정을 경험하실 수 있습니다!
전차 내 스탬프 랠리, 캐릭터 음성 안내 방송, 한정 굿즈 증정 이벤트 운영!
캠페인 기간 동안 전 직원 특별 복장 근무 실시!
“...그 특별 복장이란 게 설마...”
“응. [color=#ADFF2F]바니걸[/color]. 그리고 추가 옵션으로 [color=#ADFF2F]슬링 샷 비키니[/color]도 가능하대.”
“미쳤어요? 이건 전철이지 유흥업소가 아니잖아요.”
“회사 지침이라 어쩔 수 없대. 싫으면 무급 휴가 쓰라더라.”","45號電車×[color=#ADFF2F]閃耀迷宮[/color]柏青哥合作紀念活動
現在搭乘45號列車，即可體驗與[color=#ADFF2F]人氣角色[/color]同行的特別旅程！
車內集章活動、角色語音廣播、限定周邊贈送活動進行中！
活動期間全體員工將穿著特別服裝上班！
「……那個特別服裝該不會是……」
「對。[color=#ADFF2F]兔女郎裝[/color]。另外還可以選擇加穿[color=#ADFF2F]吊帶比基尼[/color]。」
「瘋了嗎？這裡是電車又不是風俗店。」
「公司規定沒辦法。不想穿的話就請無薪假吧。」","45号电车×[color=#ADFF2F]闪耀迷宫[/color]柏青哥合作纪念活动
现在搭乘45号列车，即可体验与[color=#ADFF2F]人气角色[/color]同行的特别旅程！
车内集章活动、角色语音广播、限定周边赠送活动进行中！
活动期间全体员工将穿着特别服装上班！
「……那个特别服装该不会是……」
「对。[color=#ADFF2F]兔女郎装[/color]。另外还可以选择加穿[color=#ADFF2F]吊带比基尼[/color]。」
「疯了吗？这里是电车又不是风俗店。」
「公司规定没办法。不想穿的话就请无薪假吧。」","Chiến dịch kỷ niệm sự kiện liên kết máy Pachinko giữa Tuyến tàu số 45 × [color=#ADFF2F]Mê cung tỏa sáng[/color] (Shining Labyrinth)!\nNếu lên tàu số 45 ngay bây giờ, bạn có thể trải nghiệm hành trình đặc biệt cùng các [color=#ADFF2F]nhân vật được yêu thích[/color]!\nSự kiện thu thập dấu đóng trên tàu, thông báo bằng giọng nói của nhân vật, và tặng quà giới hạn!\nTrong suốt thời gian chiến dịch, toàn bộ nhân viên sẽ mặc trang phục đặc biệt khi làm việc!\n""...Trang phục đặc biệt đó, không lẽ là...""\n""Đúng vậy. [color=#ADFF2F]Nữ hoàng thỏ[/color] (Bunny Girl). Và tùy chọn bổ sung là có thể mặc cả [color=#ADFF2F]đồ bơi Slingshot Bikini[/color].""\n""Điên rồi sao? Đây là tàu điện chứ đâu phải hộp đêm.""\n""Chỉ thị của công ty nên đành chịu thôi. Không thích thì xin nghỉ không lương đi."""
QUEST_GOAL_TEXT_5,"After meeting the conditions, talk to Butler.",条件を満たして執事と会話しよう,조건 충족 후 집사와 대화한다,滿足條件後與執事對話,满足条件后与执事对话,Hãy nói chuyện với Quản gia sau khi đáp ứng các điều kiện
ROUTE_TITLE_DOLL,Doll,人形,인형,人偶,人偶,Búp bê
CHAPTER_DESCRIPTION_1,Help Konial explore the train,コニアルを手伝って電車を探索しよう。,코니알을 도와 전차를 탐색하자,幫助柯尼亞爾探索電車吧。,帮助柯尼亚尔探索电车吧。,Hãy giúp Konial thám hiểm tàu
QUEST_GOAL_TEXT_2,"After meeting the conditions above, reach the 7th car.",上記条件を満たして7番目の車両に到達しよう,위 조건 충족 후 7번째 칸에 도달하자,滿足上述條件後前往第7車廂吧,满足上述条件后前往第7车厢吧,Hãy đạt toa thứ 7 sau khi đáp ứng các điều kiện trên
CHAPTER_DESCRIPTION_2,Use the Exchange Shop and explore deeper Anomalies,交換ショップを利用して、より深層の異変を探索しよう。,교환숍을 이용하며 더 깊은 곳의 이변을 탐색하자,利用兌換商店，探索更深處的異變吧。,利用兑换商店，探索更深处的异变吧。,Hãy sử dụng Cửa hàng trao đổi để thám hiểm các hiện tượng lạ ở khu vực sâu hơn
PAUSE_RESUME,Continue,続行,계속 하기,繼續遊戲,继续游戏,Tiếp tục
QUEST_GOAL_TEXT_3,Create an item to find Pazuzu.,パズズを見つける道具を作ろう,파주주를 찾아낼 도구를 만든다,製作能找出帕祖祖的道具,制作能找出帕祖祖的道具,Tạo ra dụng cụ để tìm kiếm Pazuzu
CHAPTER_DESCRIPTION_3,Find the new passenger on the train,電車の新たな乗客を見つけ出そう。,전차의 새로운 탑승자를 찾아내자,找出電車的新乘客吧。,找出电车的新乘客吧。,Hãy tìm kiếm hành khách mới trên tàu
CHAPTER_DESCRIPTION_4,Find Pazuzu's Wallet,パズズの財布を見つけ出そう。,파주주의 지갑을 찾아내자,找出帕祖祖的錢包吧。,找出帕祖祖的钱包吧。,Hãy tìm chiếc ví của Pazuzu
QUEST_GOAL_TEXT_1,"After meeting the conditions above, reach the 5th car.",上記条件を満たして5番目の車両に到達しよう,위 조건 충족 후 5번째 칸에 도달하자,滿足上述條件後前往第5車廂吧,满足上述条件后前往第5车厢吧,Hãy đạt toa thứ 5 sau khi đáp ứng các điều kiện trên
CHAPTER_DESCRIPTION_5,Find where Pazuzu is trapped,パズズが閉じ込められている場所を見つけ出そう。,파주주가 갇혀있는 장소를 찾아내자,找出帕祖祖被關押的地方吧。,找出帕祖祖被关押的地方吧。,Hãy tìm nơi Pazuzu đang bị giam giữ
SHOP_EXIT,Exit,閉じる,나가기,關閉,关闭,Thoát
CHAPTER_DESCRIPTION_6,Interrogate Konial and escape the train,コニアルを尋問して電車から脱出しよう。,코니알을 심문하여 전차를 탈출하자,審問柯尼亞爾，逃離電車吧。,审问柯尼亚尔，逃离电车吧。,Hãy thẩm vấn Konial và trốn thoát khỏi con tàu
QUEST_GOAL_TEXT_8,"Head to the Engine Room, or finish any unfinished business.",機関室へ移動するか、やり残したことを片付けよう,기관실로 이동하거나 못한 일을 끝내자,前往機關室或完成未竟之事吧,前往机关室或完成未竟之事吧,Hãy di chuyển đến Phòng động cơ hoặc hoàn thành các việc chưa xong
ROUTE_TITLE_NOPANTIES,No Panties,ノーパン,노팬티,沒穿內褲,没穿内裤,Không quần lót
SAVE_OVERLAP_DESCRIPTION,The existing data will be overwritten.,既存のデータは上書きされます。,기존 파일은 삭제됩니다.,原有存檔將被覆蓋。,原有存档将被覆盖。,Dữ liệu lưu trữ cũ sẽ bị ghi đè.
DESTINATION_HINT_DARK_ROOM_INFO,"Notes written based on what Pazuzu told me.
""A sensation as if the trains were [color=#ADFF2F]heading in reverse[/color]... The only thing visible in the darkness is a [color=#ADFF2F]green light[/color]...
And [color=#ADFF2F]my whole body is bound, it's agonizing[/color]... The only sound I can hear is [color=#ADFF2F]birds chirping outside[/color] ...""","パズズから聞いた情報を記したノート。
『電車がまるで[color=#ADFF2F]逆方向に進んでいる[/color]ような感覚に……闇の中に見えるのは[color=#ADFF2F]緑色の光[/color]だけ……
そして全身を[color=#ADFF2F]縛られていて苦しい[/color]です……聞こえるのは[color=#ADFF2F]外の鳥[/color]の声だけです……』","파주주에게 들은 대로 정보를 적은 노트.
'전차가 마치 [color=#ADFF2F]반대로 향하는[/color] 듯한 감각에.. 어둠 속에 보이는 건 [color=#ADFF2F]초록색 불빛[/color] 뿐.. 
그리고 [color=#ADFF2F]온 몸이 묶여 있어 괴로워요[/color].. 들리는 거라곤 [color=#ADFF2F]바깥의 새[/color] 소리 말곤 없어요..'","根據帕祖祖所言記錄的筆記。
「有種電車在[color=#ADFF2F]反向行駛[/color]的感覺……黑暗中只看得到[color=#ADFF2F]綠色的燈光[/color]……」
「而且[color=#ADFF2F]全身被綁住好痛苦[/color]……除了[color=#ADFF2F]外面的鳥[/color]叫聲，什麼都聽不到……」","根据帕祖祖所言记录的笔记。
「有种电车在[color=#ADFF2F]反向行驶[/color]的感觉……黑暗中只看得到[color=#ADFF2F]绿色的灯光[/color]……」
「而且[color=#ADFF2F]全身被绑住好痛苦[/color]……除了[color=#ADFF2F]外面的鸟[/color]叫声，什么都听不到……」","Cuốn sổ tay ghi chép thông tin nghe được từ Pazuzu:\n""Có cảm giác như đoàn tàu đang [color=#ADFF2F]chạy lùi[/color]... Thứ duy nhất nhìn thấy trong bóng tối là [color=#ADFF2F]ánh sáng màu xanh lá[/color]...\nVà [color=#ADFF2F]toàn thân tôi bị trói chặt vô cùng đau đớn[/color]... Chẳng nghe được gì ngoài tiếng [color=#ADFF2F]chim hót ngoài trời[/color]..."""
DESTINATION_HINT_TICKET_CHECK_INFO,"What a hassle~ Might as well punch them all at once~ 
...I just need to remember [color=#ADFF2F]which holes I punched[/color].","めんどくさいから、まとめてチェックしちゃおっかな～ 
…[color=#ADFF2F]穴を開けた場所[/color]だけ、ちゃんと覚えておけばいいよね","귀찮으니까 한번에 체크해 버릴까~ 
...[color=#ADFF2F]구멍 뚫은 자리들[/color]만 잘 기억해 두면 되겠지","好麻煩，乾脆一次全部打孔算了～ 
…只要記住[color=#ADFF2F]打了孔的位置[/color]就行了吧","好麻烦，干脆一次全部打孔算了～ 
…只要记住[color=#ADFF2F]打了孔的位置[/color]就行了吧","Phiền phức quá, kiểm tra một lượt luôn cho xong~\n...Chỉ cần nhớ kỹ [color=#ADFF2F]những vị trí đã bấm lỗ[/color] là được đúng không nhỉ?"
SHOP_TITLE,Exchange Shop,交換ショップ,교환 숍,兌換商店,兑换商店,Cửa hàng trao đổi
ROUTE_INFO_VIBRATOR,To think someone would discard such a thing in the corner by the entrance...,ドアの隅に、あのような物を捨てるなど……,출입구 구석에 그런 걸 버리다니..,竟然把那種東西丟在出入口角落……,竟然把那种东西丢在出入口角落……,Vứt thứ đó ở góc lối ra vào thật là...
ROUTE_TITLE_OUTFIT,Fashion,ファッション,패션,時尚,时尚,Trang phục
RETURN_BASE_CONFIRM,Return,帰還,귀환,返回,返回,Trở về
MAGNET_TICKET_DESCRIPTION,Draws in Tickets from the floor while holding the detection key.,探知キーを押している間、床に落ちたチケットを引き寄せます。,탐지 키를 누르는 동안 바닥에 떨어진 티켓을 끌어옵니다,按住探測鍵時，可將地上掉落的票券吸引過來。,按住探测键时，可将地上掉落的票券吸引过来。,Hút các Vé rơi trên sàn khi đang giữ phím Thám hiểm.
SCENE_SYUYU_HJ,Nursing Handjob,授乳手コキ,수유 대딸,哺乳打手槍,哺乳打手枪,Cho bú và làm tay (Nursing HJ)
MORE_FRIENDLY_MAI,You need to get a little closer to Mai...,舞とはもう少し仲良くならないといけない気がする…,마이와 좀 더 가까워져야 할 거 같다...,感覺需要跟舞再親近一些…,感觉需要跟舞再亲近一些…,Có vẻ bạn cần phải thân thiết hơn nữa với Mai...
ANOMALY_FINDER,Dim Red Light,暗い提灯,어두운 홍등,暗紅燈,暗红灯,Đèn lồng đỏ tối tăm
ROUTE_INFO_FLOOD,"The water rises ceaselessly, so please proceed quickly.",水は絶えず満ちてまいります。急いで先へお進みくださいませ。,물은 끊임없이 차오르니 빠르게 나아가 주십시오.,水位會不斷上升，請盡快前進。,水位会不断上升，请尽快前进。,"Nước đang dâng lên không ngừng, xin hãy tiến lên thật nhanh."
TUTO_INVEN_1,Speak to the Butler at the starting point to exchange your collected Tickets for Items at the Exchange Shop.,開始地点にいる執事に話しかけると、集めたチケットを景品と交換できます。,시작 지점의 집사에게 말을 걸면 모아온 티켓으로 교환샵에서 상품 교환이 가능합니다.,在起始點與執事交談，即可使用收集到的票券在兌換商店中兌換道具。,在起始点与执事交谈，即可使用收集到的票券在兑换商店中兑换道具。,Bạn có thể nói chuyện với Quản gia tại điểm xuất phát để đổi Vé lấy các vật phẩm trong Cửa hàng trao đổi.
QUEST_PROCESS_TICKET,Hold %d+ Tickets,チケットを%d枚以上所持,티켓 %d장 이상 소지,持有%d張以上票券,持有%d张以上票券,Sở hữu từ %d Vé
TUTO_INVEN_3,"Equipping Items requires cost. Exploring more Anomalies increases your maximum cost, allowing you to equip multiple Items at once.",景品の装着にはコストが必要です。異変を探索するほどコストの上限が増加し、一度により多くの景品を装着できるようになります。,상품을 장착하기 위해선 코스트가 필요하며 이변을 탐색할수록 코스트가 증가해 여러 가지 상품을 한번에 장착 가능합니다.,裝備道具需要消耗欄位點數，隨著探索異變的次數增加，可用點數也會提升，讓你能夠同時裝備更多道具。,装备道具需要消耗栏位点数，随着探索异变的次数增加，可用点数也会提升，让你能够同时装备更多道具。,"Để trang bị vật phẩm cần có điểm trang bị (Cost), thám hiểm càng nhiều hiện tượng lạ thì điểm trang bị tối đa sẽ tăng lên, giúp bạn trang bị nhiều vật phẩm cùng lúc."
TUTO_INVEN_2,"Acquired items can be equipped from the Inventory.
Items must be equipped for their effects to activate during exploration.","入手した景品は、インベントリを開いて装着できます。
景品は装着しなければ探索時に効果が発生しません。","얻은 상품은 인벤토리를 열어 장착 가능합니다.
상품을 장착해야만 탐색시 효과가 발생합니다.","獲得的道具可透過開啟物品欄進行裝備。
道具必須裝備後，才能在探索時發揮效果。","获得的道具可透过开启物品栏进行装备。
道具必须装备后，才能在探索时发挥效果。",Các vật phẩm thu được có thể được trang bị bằng cách mở Túi đồ.\nVật phẩm phải được trang bị mới có thể phát huy hiệu quả khi thám hiểm.
ROUTE_INFO_BONDAGE,They say it's the preference of the woman in the ad by the corridor...,通路入口の広告に映っているものは、彼女の趣味とのことでございます……,통로 입구의 광고속 그녀의 취향이라고 합니다..,聽說那是通道入口廣告裡那位女性的特殊嗜好……,听说那是通道入口广告里那位女性的特殊嗜好……,Nghe nói đó là sở thích của cô gái trong ảnh quảng cáo ở lối vào hành lang...
ITEM_PERCENT,Item,景品,상품,道具,道具,Vật phẩm
NOTI_ITEM_TICKET_BONUS,Ticket + %d,チケット + %d,티켓 + %d,票券 + %d,票券 + %d,Vé + %d
OPTION_VO_LANGUAGE,Voice,音声,음성,語音,语音,Giọng nói
MAIN_START,Start Game,ゲーム開始,게임 시작,開始遊戲,开始游戏,Bắt đầu game
SCENE_DOG,Puppy Costume,犬コスプレ,강아지 코스튬,小狗裝扮,小狗装扮,Hóa trang Cún con
DESTINATION_D_REINABIKINI,Changing Room,脱衣所,탈의실,更衣室,更衣室,Phòng thay đồ
SCENE_HANDJOB,Handjob,手コキ,핸드잡,打手槍,打手枪,Thẩm du (Handjob)
QUEST_GOAL_TEXT_4_2,Find the Butler after meeting the conditions.,条件を満たした後、執事に会おう。,조건 충족 후 집사를 만나자,達成條件後，去見執事吧。,达成条件后，去见执事吧。,Hãy gặp Quản gia sau khi đáp ứng các điều kiện
ROUTE_TITLE_BRA,Bra,ブラ,브라,胸罩,胸罩,Áo ngực
SCENE_WINDOW_DOGGY,Doggy Style - Against Glass,ガラス押し付け後背位,유리창 후배위,玻璃窗後背位,玻璃窗后背位,Tư thế từ phía sau sát cửa kính
ROUTE_INFO_BUTTON,Please press the button next to the door only in case of emergency.,ドア横のボタンは、緊急時にのみ押してくださいませ。,출입문 옆의 버튼은 위급 상황에만 눌러 주십시오.,車門旁的按鈕請僅於緊急狀況時按下。,车门旁的按钮请仅于紧急状况时按下。,Chỉ nhấn chiếc nút bên cạnh lối ra vào trong trường hợp khẩn cấp.
NOTI_DONT_KANKAN_ON_2,Please unequip the Bracelet to use this.,使用するにはブレスレットを外してください。,사용하려면 팔찌를 장착 해제해 주세요.,如需使用，請先卸下手鐲。,如需使用，请先卸下手镯。,Vui lòng tháo chiếc Vòng tay ra để sử dụng tính năng này.
OPTION_NEXT,Next,次へ,다음,下一步,下一步,Tiếp theo
NOTI_DONT_KANKAN_ON_1,Unavailable due to the Bracelet's holy power...,ブレスレットの神聖力により利用できません。,팔찌의 신성력으로 인해 이용 불가합니다..,因手鐲的神聖力量而無法使用……,因手镯的神圣力量而无法使用……,Không thể sử dụng do thần lực của chiếc Vòng tay...
DESTINATION_D_STUCKDOOR,Faulty Door,扉故障車両,출입문 고장 칸,車門故障車廂,车门故障车厢,Toa cửa hỏng
DARUMA_CHAN_MSG,"No Anomaly here!
Move to the next car!","ここには異変はないわ！
次の車両へ行きなさい！","이 곳엔 이변이 없어!
다음 칸으로 가!","這裡沒有異變！
前往下一節車廂吧！","这里没有异变！
前往下一节车厢吧！",Ở đây không có hiện tượng lạ nào cả!\nHãy đi sang toa tiếp theo!
BASE_H_SCENE_EXIT,Press ESC to go back.,ESCを押して戻ります,ESC를 눌러 이전으로 돌아갑니다,按 ESC 返回上一頁,按 ESC 返回上一页,Nhấn ESC để quay lại trang trước
MAGNET_TICKET,Crude Fan,粗末なうちわ,조잡한 부채,粗糙的扇子,粗糙的扇子,Chiếc quạt thô sơ
TICKET_NUM,Tickets,チケット数,티켓 수,票券數量,票券数量,Số lượng vé
ROUTE_TITLE_GIANTKONIAL,Giant Konial,巨大コニアル,거대 코니알,巨大柯尼亞爾,巨大柯尼亚尔,Konial khổng lồ
DESTINATION_HINT_DOGSTRAP_INFO,"A large dog collar, sized for a big breed.",大型犬が着けるような、首回りの大きな首輪だ。,대형견이 찰 거 같은 큰 둘레의 개 목줄이다.,這是一條適合大型犬配戴的大尺寸狗項圈。,这是一条适合大型犬配戴的大尺寸狗项圈。,"Một chiếc vòng cổ cho chó có chu vi lớn, kích cỡ dành cho giống chó lớn."
MAIN_OPTION,Settings,設定,설정,設定,设置,Cài đặt
QUEST_PROCESS_COLLECT_DEST,Visit %d+ Terminals,終点%dヶ所以上訪問,종착점 %d개 이상 방문,造訪%d個以上終點站,造访%d个以上终点站,Ghé thăm từ %d ga cuối
LOVE_BRACELET,Copper Bracelet,銅の腕輪,구리 팔찌,銅手鐲,铜手镯,Vòng tay đồng
ROUTE_TITLE_PRIORITYSEAT,Priority Seat,優先席,노약자석,博愛座,博爱座,Ghế ưu tiên
NOTI_FIND_ROUTE_VALUE,Anomalies Found: %d,発見した異変 : %d個,발견한 이변 : %d개,已發現異變：%d個,已发现异变：%d个,Hiện tượng lạ đã phát hiện: %d
"<!MissingKey:368:D, Right Key>","D, Right Key",D、右キー,"D, 오른쪽 키",D、右鍵,D、右键,"Phím D, mũi tên Phải"
ROUTE_TITLE_SWAY,Jiggle,たゆんたゆん,출렁,晃動,晃动,Rung rinh
ROUTE_INFO_WINDOWGHOST,They say that there is something visible only from a certain window.,特定の窓からしか見えない、何かがあるそうでございます。,어떤 창문에서만 보이는 무언가가 있다고 합니다.,聽說有某樣東西，只有透過特定的窗戶才看得見。,听说有某样东西，只有透过特定的窗户才看得见。,Nghe nói có thứ gì đó chỉ có thể nhìn thấy qua một ô cửa sổ nhất định.
ALREADY_ITEM_GET,Already obtained.,既に獲得済みです。,이미 상품을 획득하였습니다.,已獲得此商品。,已获得该商品。,Đã nhận vật phẩm này rồi.
CHARGE_TIME_UP,Cute Massager,可愛いマッサージ器,귀여운 안마기,可愛按摩器,可爱按摩器,Máy mát-xa dễ thương
ROUTE_TITLE_REVERSE,Reverse,逆走,역주행,逆行,逆行,Chạy ngược
ROUTE_TITLE_CROW,Crow,カラス,까마귀,烏鴉,乌鸦,Quạ
DESTINATION_HINT_DOGSTRAP_TITLE,Dog Collar,犬の首輪,개 목줄,狗項圈,狗项圈,Vòng cổ cho chó
ROUTE_INFO_EXTENSION,It was just a bit longer than usual. Please do continue walking.,少々長かっただけでございます。そのまま歩き続けてください。,조금 길었을 뿐이니 계속해서 걸어가 주세요.,只是稍微長了一點，請繼續往前走。,只是稍微长了一点，请继续往前走。,"Chỉ là hành lang hơi dài một chút thôi, xin hãy tiếp tục bước đi."
NOTI_PARTNER_CHANGE,Partner has been changed.,パートナーが変更されました。,파트너가 변경되었습니다.,夥伴已變更。,伙伴已变更。,Bạn đồng hành đã được thay đổi.
SCENE_SITTING,Sitting,座位,앉아서,坐著,坐着,Tư thế ngồi
HORIZON_FINDER_DESCRIPTION,"Displays the height level of Anomalies as Top, Middle, or Bottom.
Shows a random height if no Anomaly is present.","異変が存在する高さを上・中・下に分けて表示します。
異変が存在しない場合、ランダムな高さを表示します。","이변이 존재하는 높이를 상,중,하로 나눠 표시합니다
이변이 존재하지 않는 경우 무작위 높이를 표시합니다","將異變所在的高度分為上、中、下顯示。
若無異變存在，則顯示隨機高度。","将异变所在的高度分为上、中、下显示。
若无异变存在，则显示随机高度。","Hiển thị chiều cao xuất hiện của Hiện tượng lạ được chia thành Trên, Giữa, Dưới.\nHiển thị ngẫu nhiên nếu không có Hiện tượng lạ nào tồn tại."
ROUTE_INFO_YUKIONNA,"I'm not fond of the cold, so... I've never once visited that car.",わたくし、寒さが苦手でして……その車両には一度も訪れたことがございません。,전 추운 게 싫어서.. 그 칸은 한번도 방문한 적 없습니다.,我很怕冷……那節車廂我一次都沒去過。,我很怕冷……那节车厢我一次都没去过。,Tôi rất ghét cái lạnh... nên chưa từng ghé thăm toa đó một lần nào cả.
ROUTE_INFO_BUTTOCKS,I do wonder what that large butt advertisement up above is trying to sell...,上の方にある大きなお尻の看板は、一体何を宣伝しているのでしょうか……,위쪽의 큰 엉덩이 광고판은 대체 무엇을 광고하는 것일까요..,上方那個大屁股廣告牌，到底是在宣傳什麼呢……,上方那个大屁股广告牌，到底是在宣传什么呢……,Chiếc biển quảng cáo mông lớn ở phía trên kia rốt cuộc là quảng cáo cho cái gì thế nhỉ...
GHOST_ANO_H,Broken Key,歯の欠けた鍵,이 빠진 열쇠,壞掉的鑰匙,坏掉的钥匙,Chiếc chìa khóa mẻ răng
FREE_H_EDGE_BLUR,Edge Blur : Q,縁ぼかし調整：Q,가장자리 흐림 조절 : Q,邊緣模糊調整：Q,边缘模糊调整：Q,Điều chỉnh độ mờ viền: Phím Q
ROUTE_INFO_HUG,It seems to really hate talismans.,お札を大変嫌っているようでございます。,부적을 무척 싫어하는 거 같습니다.,好像非常討厭護身符。,好像非常讨厌护身符。,Có vẻ nó rất ghét những chiếc bùa chú.
ROUTE_TITLE_FLASHLIGHT,Torch,懐中電灯,손전등,手電筒,手电筒,Đèn pin
ROUTE_APP_MSG_USECOIN,Spend Coins to unlock this Route?,コインを使用して車両をアンロックしますか？,코인을 사용하여 노선을 잠금 해제할까요?,要使用紀念硬幣解鎖路線嗎？,要使用纪念硬币解锁路线吗？,Bạn có muốn dùng Xu để mở khóa tuyến đường này không?
OPTION_BG_VOLUME,BGM,BGM,배경음,背景音樂,背景音乐,Nhạc nền (BGM)
SCENE_CAT,Cat Costume,猫コスプレ,고양이 코스튬,貓咪服裝,猫咪服装,Hóa trang Mèo con
ROUTE_INFO_VEIL,Taking up three whole seats... That's just inconsiderate...,座席を三つ分も占領しているとは、いささかご迷惑かと存じます…,"좌석을 세 칸이나 차지하다니, 민폐라고 생각합니다..",居然霸佔了三個座位，真是太沒公德心了……,居然霸占了三个座位，真是太没公德心了……,"Chiếm dụng tận ba chiếc ghế liền, thật là phiền phức quá đi..."
TUTO_TITLE_INVEN,Inventory,インベントリ,인벤토리,背包,背包,Túi đồ
TUTO_TITLE_BASE_H_EVENT,H Event,Hイベント,H 이벤트,H事件,H事件,Sự kiện H
DESTINATION_D_GHOST,Break Room,休憩室,휴게실,休息室,休息室,Phòng nghỉ
DESTINATION_D_SNOWMAN,Strong AC Car,強冷房車両,강 냉방 칸,強冷氣車廂,强冷气车厢,Toa điều hòa cực mạnh
ROUTE_INFO_CAUTIONSTICKER,It looks like it would be quite the ordeal to peel off...,剥がす時に、苦労しそうでございますね……,때어낼 때 고생할 거 같습니다..,撕下來的時候感覺會很費工夫呢……,撕下来的时候感觉会很费工夫呢……,Bóc cái này ra chắc hẳn sẽ tốn công sức lắm đây...
QUEST_PROCESS_TOTAL_LOVE,Reina & Mai combined Affection %d+,怜奈と舞の好感度合計%d以上,"레이나,마이의 호감도 합계 %d 이상",怜奈、舞的好感度總和%d以上,怜奈、舞的好感度总和%d以上,Tổng điểm Thiện cảm Reina và Mai đạt từ %d trở lên
MAIN_EXIT,Quit,終了,끝내기,結束,结束,Thoát game
DESTINATION_HINT_LOCKER_TITLE,Padlock,南京錠,자물쇠,鎖頭,锁头,Ổ khóa
EQUIP_COST_DESCRIPTION,"The cost required to equip items.
The more you have, the more Items you can bring on exploration.","景品を装着するのに必要なコスト。
多いほど、探索に多くの景品を持っていくことができます。","상품을 장착하는 데 필요한 코스트입니다
많을수록 탐색에 여러 상품을 가지고 갈 수 있습니다","裝備道具所需的消耗值。
數值越高，探索時可攜帶越多商品。","装备道具所需的消耗值。
数值越高，探索时可携带越多商品。",Điểm trang bị cần thiết để trang bị vật phẩm.\nĐiểm càng cao thì bạn càng mang được nhiều vật phẩm khi thám hiểm.
ROUTE_TITLE_DESTROYED,Half Destroyed,半壊,반파,半毀,半毁,Hỏng một phần
INVENTORY_BACK,Back,戻る,뒤로,返回,返回,Quay lại
SCENE_BUNNYGIRL,Bunny Girl,バニーガール,바니걸,兔女郎,兔女郎,Nữ hoàng thỏ (Bunny Girl)
ROUTE_INFO_DOLL,"If it begins to follow you, you absolutely must run.",あれがついて来はじめたら、必ずお逃げくださいませ。,그것이 따라오기 시작하면 반드시 도망가십시오.,如果那東西開始追趕您，請務必逃跑。,如果那东西开始追赶您，请务必逃跑。,"Nếu thứ đó bắt đầu bám theo bạn, hãy lập tức bỏ chạy."
SCENE_WALL_LEAN_NUDE,Against the Wall - Naked,壁寄り - 全裸,벽에 기대서 - 전라,靠牆 - 全裸,靠墙 - 全裸,Tư thế tựa tường - Khỏa thân
TUTO_TITLE_ERO_GAGE,Passion Gauge,情念ゲージ,정념 게이지,情念量表,情念量表,Thanh Dục vọng
ROUTE_INFO_TENTACLE2,"As for Mistress Konial, who can control them...",それを制御できるコニアル様は……,그것을 제어할 수 있는 코니알 님께선..,而能夠控制那東西的柯尼亞爾大人……,而能够控制那东西的柯尼亚尔大人……,"Về cô Konial, người có thể chế ngự chúng..."
DIALOG_HIDE,Hide (H),非表示 (H),숨기기 (H),隱藏 (H),隐藏 (H),Ẩn (H)
ROUTE_INFO_TENTACLE3,"For now, detection is our only option.",今のところ、それらを探知するほかございません。,지금으로썬 그것들을 탐지하는 수밖엔 없습니다.,目前只能先探測它們的位置了。,目前只能先探测它们的位置了。,Hiện tại chúng ta không còn cách nào khác ngoài việc thám hiểm và phát hiện ra chúng.
DESTINATION_HINT_REINABIKINI_INFO,There are some suspicious stains on this black bikini.,黒いビキニに、奇妙なシミがついている。,검은 비키니 위로 이상한 얼룩이 생겨 있다.,黑色比基尼上沾染著奇怪的污漬。,黑色比基尼上沾染着奇怪的污渍。,Có vết ố kỳ lạ xuất hiện trên bộ bikini màu đen.
ROUTE_INFO_TENTACLE1,"That is... its lust, overflowing uncontrollably.",それは……情念を抑えきれずに、溢れ出しております。,그건.. 정념이 주체할 수 없이 넘치고 있습니다.,那個……情念已經多到無法控制地滿溢出來了。,那个……情念已经多到无法控制地满溢出来了。,Thứ đó... Điểm Dục vọng đang tràn trề không thể kiểm soát nổi.
DESTINATION_HINT_TICKET_CHECK_TITLE,Validated Ticket,検札済みチケット,검표 완료 티켓,驗票完成車票,验票完成车票,Vé đã kiểm
COLLECT_AREA_UP_DESCRIPTION,Increases item pickup range.,アイテムの獲得範囲を拡大します。,아이템 획득 범위를 늘립니다,擴大道具獲取範圍。,扩大道具获取范围。,Mở rộng phạm vi hút vật phẩm.
TUTO_GHOST_H,"Some Anomaly Events can be ""purified"" to extract Tickets.
After detecting an Anomaly, hold the Detection key nearby to initiate a sex scene.
Try to find other Anomalies that can be purified!","一部の異常現象は『浄化』することでチケットを入手できます。
異常現象を感知した後、近くで感知キーを長押しするとエッチが可能です。
これ以外にも、浄化可能な異常現象を探してみてください！","일부 이상현상은 '정화'를 통해 티켓을 추출할 수 있습니다.
이상현상 감지 이후, 근처에서 감지 키를 누르고 있으면 H가 가능합니다.
이 외에도 정화가 가능한 이상 현상들을 찾아 보세요!","部分異常現象可透過「淨化」來提取票券。
偵測到異常現象後，在附近按住偵測鍵即可進行「H（淨化）」。
此外，也請試著尋找其他可以淨化的異常現象吧！","部分异常现象可透过「净化」来提取票券。
侦测到异常现象后，在附近按住侦测键即可进行「H（净化）」。
此外，也请试着寻找其他可以净化的异常现象吧！","Một số hiện tượng lạ có thể rút được Vé thông qua việc ""thanh tẩy"".\nSau khi phát hiện hiện tượng lạ, hãy đứng gần đó và giữ phím Thám hiểm để bắt đầu phân cảnh H.\nNgoài ra, hãy tìm kiếm các hiện tượng lạ khác có thể thanh tẩy được nhé!"
OPTION_TAB_VOLUME,Sound,サウンド,사운드,聲音,声音,Âm lượng
ROUTE_INFO_GAZE,Did you perhaps feel a persistent gaze coming from beneath the seats?,椅子の下から、執拗な視線を感じませんでしたか？,의자 밑에서 집요한 시선이 느껴지진 않으셨습니까?,您沒有感覺到座位下方有執拗的視線嗎？,您没有感觉到座位下方有执拗的视线吗？,Bạn có cảm nhận được ánh mắt kiên trì từ dưới gầm ghế không?
PAUSE_OPTION,Settings,設定,설정,設定,设置,Cài đặt
PAUSE_MAIN_EXIT,Main Menu,タイトル画面,메인 화면,主畫面,主画面,Menu chính
NOTI_UNEQUIP_ITEM,I think I need a certain item for this...,何か景品が必要な気がする……,어떤 상품이 필요할 거 같다..,好像需要某種道具……,好像需要某种道具……,Có vẻ cần một vật phẩm nào đó...
LOVE_LEVEL,Affection,好感度,호감도,好感度,好感度,Thiện cảm
ROUTE_INFO_SWAY,"People in photographs don't jiggle. Normally, that is.",写真の中の人物は揺れたりいたしません。一般的には…でございますが。,사진속 인물은 흔들리지 않습니다. 일반적으로는요.,照片裡的人物是不會晃動的。一般來說是這樣的。,照片里的人物是不会晃动的。一般来说是这样的。,Nhân vật trong ảnh thì không thể rung rinh được. Thường là như thế.
LEAD_AGAIN,Replay,もう一度見る,다시보기,重新觀看,重新观看,Xem lại
DESTINATION_D_ONSEN,Hot Spring Car,温泉車両,온천 칸,溫泉車廂,温泉车厢,Toa suối nước nóng
ROUTE_INFO_SLINGSHOT,The original design of the white swimsuit in the corridor entrance advertisement was...,通路入口の広告にある、白い水着の元のデザインは……,통로 입구 광고 속 흰 수영복의 원래 디자인은..,通道入口廣告裡那件白色泳裝，原本的設計是……,通道入口广告里那件白色泳装，原本的设计是……,Thiết kế gốc của bộ đồ bơi màu trắng trên biển quảng cáo ở hành lang là...
NOTE_PLACEHOLDER,Click here to jot down anything important!,ここをクリックして大事なことをメモできるよ！,이곳을 클릭해 중요한 내용을 메모할 수 있어!,點這裡就能記下重要的內容喔！,点这里就能记下重要的内容哦！,Nhấp vào đây để ghi chú những điều quan trọng!
DESTINATION_HINT_STUCKDOOR_INFO,"At approximately 2:00 PM today, a temporary malfunction occurred in some doors of this train.
Investigation revealed that an external inspection contractor carelessly connected the ""open"" and ""close"" control wires in reverse,
resulting in door operations that appeared natural enough to go unnoticed on-site.

While some passengers were aboard at the time,
fortunately, thanks to the remarkable effectiveness of
our ongoing ""Do Not Lean on Doors"" campaign,
no accidents occurred.

Accordingly,
the scheduled ""[color=#ADFF2F]March-July Odd Months[/color] Accident-Free Operation Commemorative Event""
will proceed as originally planned without any changes.","本日午後2時頃、本電車の一部のドアにおいて一時的な動作不良が発生いたしました。調査の結果、外部業者が『開』と『閉』の制御線を逆に接続するというミスが確認されましたが、これは現場でも即座に認知されないほど自然な開閉動作へとつながりました。

当時、列車には若干名のお客様が乗車されておりましたが、幸いにも当社が継続的に展開してまいりました「ドアに寄りかからない」キャンペーンの驚くべき効果もあり、いかなる深刻な事故も発生しませんでした。

つきましては、予定されておりました「[color=#ADFF2F]3月～7月の奇数月[/color] 無事故運行記念行事」は当初の計画通り変更なく実施されます。","금일 오후 2시경, 본 전차 일부 출입문에서 일시적인 작동 이상이 발생하였습니다.
조사 결과, 외부 점검 업체가 ‘열림’과 ‘닫힘’ 제어선을 부주의하게 반대로 연결한 것으로 확인되었으며,
이는 현장에서도 즉시 인지되지 않을 만큼 자연스러운 개폐 동작으로 이어졌습니다.

당시 열차에는 일부 탑승객이 있었으나,
다행히도 당사에서 지속적으로 전개해온
「출입문에 기대지 않기」 캠페인의 놀라운 효과 덕분에
어떠한 사고도 발생하지 않았습니다.

이에 따라,
예정된 「[color=#ADFF2F]'3월~7월 홀수'[/color] 개월 무사고 운행 기념 행사」는
당초 계획대로 변동 없이 진행됩니다.","今日下午2時左右，本電車部分車門發生暫時性運作異常。
經調查確認，係外部維修廠商不慎將「開啟」與「關閉」控制線路反接所致，且因開關動作相當自然，現場人員亦未能立即察覺。

當時列車上有部分乘客，幸虧本公司長期推動的「請勿倚靠車門」宣導活動成效卓著，並未發生任何事故。

因此，原定之「[color=#ADFF2F]三月至七月奇數月份[/color]無事故營運紀念活動」將按原計畫如期舉行。","今日下午2时左右，本电车部分车门发生暂时性运作异常。
经调查确认，系外部维修厂商不慎将「开启」与「关闭」控制线路反接所致，且因开关动作相当自然，现场人员亦未能立即察觉。

当时列车上有部分乘客，幸亏本公司长期推动的「请勿倚靠车门」宣导活动成效卓著，并未发生任何事故。

因此，原定之「[color=#ADFF2F]三月至七月奇数月份[/color]无事故营运纪念活动」将按原计画如期举行。","Khoảng 2 giờ chiều nay, một sự cố vận hành tạm thời đã xảy ra ở một số cửa ra vào của đoàn tàu.\nKết quả điều tra xác nhận rằng nhà thầu kiểm tra bên ngoài đã vô tình đấu nối ngược dây điều khiển ""Mở"" và ""Đóng"",\ndẫn đến hành động đóng mở cửa diễn ra tự nhiên đến mức nhân viên tại hiện trường không phát hiện ra ngay lập tức.\n\nLúc đó trên tàu có một số hành khách,\nnhưng rất may nhờ vào hiệu quả đáng kinh ngạc của chiến dịch\n""Không tựa vào cửa ra vào"" mà công ty chúng tôi liên tục thúc đẩy,\nđã không có bất kỳ tai nạn nào xảy ra.\n\nVì lý do này,\n""Lễ kỷ niệm vận hành an toàn các tháng lẻ từ tháng 3 đến tháng 7"" dự kiến\nvẫn sẽ được diễn ra như kế hoạch ban đầu mà không có thay đổi nào."
CHARGE_TIME_UP_DESCRIPTION,Reduces the time required for detection.,感知に必要な時間を短縮します。,감지에 필요한 시간을 단축합니다,縮短感知所需的時間。,缩短感知所需的时间。,Rút ngắn thời gian cần thiết để thám hiểm.
ROUTE_TITLE_BONDAGE,Bondage,ボンデージ,본디지,束縛,束缚,Ràng buộc (Bondage)
SPEED_UP_DESCRIPTION,Increases movement speed.,移動速度が増加します。,이동 속도가 증가합니다,提升移動速度。,提升移动速度。,Tăng tốc độ di chuyển.
SAVE_GAME,Save,セーブ,저장,儲存,保存,Lưu game
GHOST_ANO_H_DESCRIPTION,"After a successful detection, you can purify certain Ghosts.",感知に成功すると、一部の幽霊を浄化できるようになります。,"감지 성공 후, 일부 귀신들의 정화가 가능해집니다",感知成功後，可淨化部分鬼魂。,感知成功后，可净化部分鬼魂。,"Sau khi phát hiện thành công, bạn sẽ có thể thanh tẩy một số oan hồn."
ROUTE_INFO_FLASHLIGHT,"An old flashlight, but it'll come in handy.",古い懐中電灯ではございますが、大いに役立つかと存じます。,낡은 손전등이지만 큰 도움이 될 겁니다.,雖然是老舊的手電筒，但會有很大的幫助。,虽然是老旧的手电筒，但会有很大的帮助。,Tuy là một chiếc đèn pin cũ kỹ nhưng nó sẽ giúp ích rất nhiều đấy.
TICKET_BONUS,Cheap Charm,安物のお守り,싸구려 오마모리,廉價護身符,廉价护身符,Bùa hộ mệnh rẻ tiền
ROUTE_INFO_BUNNYGIRL,"I believe it was definitely a bunny girl outfit normally, but...",普段は確か、バニーガールの衣装だった気がいたしますが……,평소엔 분명 바니 걸 복장이었던 거 같습니다만..,平常明明應該是兔女郎裝扮的說……,平常明明应该是兔女郎装扮的说……,"Thông thường ở đó chắc chắn là quảng cáo trang phục Nữ hoàng thỏ, nhưng..."
SCENE_TENTACLES,Tentacles,触手責め,촉수에게,被觸手玩弄,被触手玩弄,Chơi đùa với xúc tu
DESTINATION_D_MIRROR,Penalty Car,懲罰車両,징벌 칸,懲罰車廂,惩罚车厢,Toa trừng phạt
DESTINATION_D_MILK,Nursing Center,授乳室,수유 센터,哺乳室,哺乳室,Toa cho bú
HINT_PARTIAL_NEEDED,Any {n} of these,{n}個以上の一致で到達,{n}개 이상 일치 시 도착,符合{n}個以上即可抵達,符合{n}个以上即可抵达,Đến nơi khi khớp từ {n} mục
QUEST_PROCESS_LOVE_LEVEL,Affection %d+,好感度%d以上,호감도 %d 이상,好感度%d以上,好感度%d以上,Điểm Thiện cảm đạt từ %d trở lên
DESTINATION_HINT_ENGINE_ROOM_TITLE,Konial's Memo,コニアルのメモ,코니알의 메모,柯尼亞爾的備忘錄,柯尼亚尔的备忘录,Ghi chú của Konial
DESTINATION_HINT_REINABIKINI_TITLE,Black Bikini,黒いビキニ,검은 비키니,黑色比基尼,黑色比基尼,Bikini đen
ROUTE_CLOSE,Closed,閉鎖,폐쇄됨,已封閉,已封闭,Đã đóng cửa
ROUTE_INFO_NOPANTIES,Please take careful note of what the bikini model in the center is wearing.,中央のビキニモデルの装いを、よく記憶しておいてください。,중앙의 비키니 모델의 차림을 잘 기억해 주세요.,請仔細記住中央比基尼模特兒的穿著。,请仔细记住中央比基尼模特儿的穿着。,Hãy ghi nhớ kỹ trang phục của cô người mẫu bikini ở giữa nhé.
DESTINATION_HINT_SNOWMAN_TITLE,Lover's Letter,恋人の手紙,연인의 편지,戀人的書信,恋人的书信,Bức thư của người yêu
H_LOCKED,Locked,ロック中,잠김,已鎖定,已锁定,Đang khóa
NOTI_ITEM_KONIAL_LOVE_BONUS,Konial Affection + %d,コニアル好感度 + %d,코니알 호감도 + %d,柯尼亞爾好感度 + %d,柯尼亚尔好感度 + %d,Thiện cảm Konial + %d
SAVE_H_SCENE,H-Scene,Hシーン,H씬,H場景,H场景,Phân cảnh H
SCENE_LYING_SIDEWAYS,Lying on Side,側位,옆으로 누워서,側躺,侧躺,Tư thế nằm nghiêng
DESTINATION_HINT_CLOCK_TITLE,Broken Clock,壊れた時計,고장난 시계,壞掉的時鐘,坏掉的时钟,Đồng hồ hỏng
CREDIT_SPECIALTHANKS,Special Thanks,スペシャルサンクス,특별 감사,特別感謝,特别感谢,Cám ơn đặc biệt
DESTINATION_HINT_SNOWMAN_INFO,"[color=#ADFF2F]It's hard to see snow where you are, isn't it? The snow you love so much[/color] falls endlessly here—it's actually become a nuisance.
But finally, next month, I'll be able to come see you. On that train.
If you'd known beforehand, you would've told me not to come. But I can't bear lying in this hospital bed any longer.
At this rate, I might not live to see spring. So I want to see you at least one more time before then.
Snow melts too quickly to bring with me... but I'll bring a snowman doll that looks just like you.
...Once the snow stops, please meet me when I get off in the Car you always used to sit in.""","[color=#ADFF2F]そちらでは、あまり雪を見ることがないでしょう？ あなたが大好きな雪[/color]が、こちらではうんざりするほど降り積もるので困りものです。
でも…来月になれば、やっとあなたに会いに行けます。列車に乗って。
あなたがそれを知ったら、来るなと言うでしょうね。でも、もう病室のベッドで寝ているのは嫌なんです。
このままじゃ、春が訪れを見られないかもしれない。その前に、もう一度だけでもあなたに会いたいから。
雪はすぐに溶けてしまうから、持ってはいけないけど……あなたにそっくりな雪だるまの人形を持っていきますね。
……雪が止んだら、あなたがいつも座っていた……車両から降りる私を、迎えてくださいね。","[color=#ADFF2F]그곳은 눈을 구경하기 어렵죠? 당신이 무척 좋아하는 눈[/color]이, 이곳에서는 질릴만큼 내리는 탓에 골치인데 말이에요.
하지만 드디어 다음 달, 당신을 만나러 갈 수 있어요. 그 열차를 타고 말이에요.
당신이 미리 알았다면 오지 말라고 했을 거에요. 하지만 더 이상 병상에 누워 있는 건 싫어요.
이대로면 봄이 오는 걸 보지 못할 수도 있어요. 그 전에 당신을 한번이라도 더 보고 싶으니까요.
눈은 금방 녹아 버릴테니 담아갈 수 없지만.. 당신을 똑 닮은 눈사람 인형을 가지고 갈게요.
..눈이 그치고 나면, 당신이 항상 앉아 있던. 그 좌석의 칸에서 내리는 나를 맞이해 주세요.'","[color=#ADFF2F]那裡很難看到雪吧？你最喜歡的雪[/color]，在這裡卻多到令人厭煩，真是傷腦筋呢。
不過下個月，我終於可以去見你了。搭乘那班列車。
如果你事先知道的話，一定會叫我不要來吧。但我不想再躺在病床上了。
再這樣下去，也許看不到春天來臨了。所以在那之前，我想再多見你一面。
雪很快就會融化，沒辦法帶給你……但我會帶著一個和你一模一樣的雪人玩偶過去。
……等雪停了之後，請在你以前總是坐著的、那個座位的車廂迎接下車的我。","[color=#ADFF2F]那里很难看到雪吧？你最喜欢的雪[/color]，在这里却多到令人厌烦，真是伤脑筋呢。
不过下个月，我终于可以去见你了。搭乘那班列车。
如果你事先知道的话，一定会叫我不要来吧。但我不想再躺在病床上了。
再这样下去，也许看不到春天来临了。所以在那之前，我想再多见你一面。
雪很快就会融化，没办法带给你……但我会带着一个和你一模一样的雪人玩偶过去。
……等雪停了之后，请在你以前总是坐着的、那个座位的车厢迎接下车的我。","[color=#ADFF2F]Ở chỗ anh rất khó thấy tuyết đúng không? Tuyết mà anh vô cùng yêu thích[/color] rơi không ngừng ở nơi này — thật ra nó còn gây ra chút phiền thoát nữa.\nNhưng cuối cùng thì tháng sau em có thể đến gặp anh rồi. Bằng chuyến tàu đó đấy.\nNếu anh biết trước thế nào cũng cản em lại. Nhưng em không muốn tiếp tục nằm trên giường bệnh này nữa đâu.\nCứ đà này có khi em không thể sống đến lúc mùa xuân tới. Nên em muốn gặp anh thêm ít nhất một lần nữa trước lúc đó.\nTuyết tan rất nhanh nên em không thể mang theo được... nhưng em sẽ mang theo một búp bê người tuyết trông rất giống anh.\n...Khi tuyết ngừng rơi, xin hãy đón em tại toa tàu mà anh vẫn thường ngồi ngày xưa nhé."
DESTINATION_HINT_MIRROR_TITLE,Rod and Rope,棒と紐,막대와 끈,棍棒與繩索,棍棒与绳索,Gậy và dây thừng
NOTI_ITEM_TIME_BONUS,Ticket + %d,チケット + %d,티켓 + %d,票券 + %d,票券 + %d,Vé + %d
ROUTE_TITLE_PARTNER_ANOMALY1,Exposure: Breasts,露出：おっぱい,노출 : 가슴,露出：胸部,露出：胸部,Lộ đồ: Ngực
ROUTE_TITLE_PARTNER_ANOMALY2,Exposure: Breasts+,露出：おっぱい＋,노출 : 가슴+,露出：胸部＋,露出：胸部＋,Lộ đồ: Ngực+
ROUTE_TITLE_PARTNER_ANOMALY3,Exposure: Panties,露出：パンツ,노출 : 팬티,露出：內褲,露出：内裤,Lộ đồ: Quần lót
ROUTE_TITLE_PARTNER_ANOMALY4,Hairstyle,ヘアスタイル,헤어스타일,髮型,发型,Kiểu tóc
OPTION_BACK,Back,戻る,뒤로,返回,返回,Quay lại
DARUMA_CHAN,Daruma,だるまちゃん,다루마짱,達摩娃娃,达摩娃娃,Daruma
ROUTE_TITLE_PARTNER_ANOMALY5,Exposure: Explore,露出：探索,노출 : 탐색,露出：探索,露出：探索,Lộ đồ: Thám hiểm
ROUTE_TITLE_PARTNER_ANOMALY6,Exposure: Explore+,露出：探索＋,노출 : 탐색+,露出：探索＋,露出：探索＋,Lộ đồ: Thám hiểm+
SCENE_FULL_DOGGY,Love Love Doggy Style,ラブラブバック,러브러브 후배위,愛愛後背位,爱爱后背位,Tư thế từ phía sau nồng cháy (Love Love Doggy)
NOTI_AUTOSAVE_COMPLETE,Auto-save completed,オートセーブ完了,자동 저장 완료,自動儲存完成,自动保存完成,Đã hoàn thành tự động lưu
ROUTE_INFO_LOWSPEED,That was merely a slow zone just now.,今のは徐行区間でございました。,방금은 서행 구간이었습니다.,剛才是慢行區間。,刚才是慢行区间。,Vừa rồi chỉ là khu vực chạy chậm mà thôi.
OPTION_FULLSCREEN,Full Screen,フルスクリーン,전체 화면,全螢幕,全屏,Toàn màn hình
DESTINATION_D_CAT,Broken Car,故障車両,고장 칸,故障車廂,故障车厢,Toa tàu hỏng
DIALOG_SKIP,Skip (Ctrl),スキップ (Ctrl),스킵 (Ctrl),略過 (Ctrl),跳过 (Ctrl),Tua (Ctrl)
SYSTEM_EXIT_CONFIRM,Exit Game,ゲーム終了,게임 종료,結束遊戲,结束游戏,Thoát game
OPTION_TAB_GAMEPLAY,Gameplay,ゲームプレイ,게임플레이,遊戲玩法,游戏玩法,Gameplay
OPTION_HINT_BUBBLE,Failure Hint,失敗のヒント,실패 힌트,失敗提示,失败提示,Gợi ý thất bại
OPTION_BROADCAST_INTERVAL,Broadcast Interval,配信間隔,방송 간격,廣播間隔,广播间隔,Khoảng thời gian phát sóng
BROADCAST_INTERVAL_STANDARD,Standard,標準,표준,標準,标准,Tiêu chuẩn
BROADCAST_INTERVAL_LONG,Long,長い,길게,長,长,Dài
BROADCAST_INTERVAL_OFF,Off,オフ,끄기,關閉,关闭,Tắt
OPTION_HINT_BUBBLE,Failure Hint,失敗のヒント,실패 힌트,失敗提示,失败提示,Gợi ý thất bại
OPTION_BROADCAST_INTERVAL,Broadcast Interval,配信間隔,방송 간격,廣播間隔,广播间隔,Khoảng thời gian phát sóng
BROADCAST_INTERVAL_STANDARD,Standard,標準,표준,標準,标准,Tiêu chuẩn
BROADCAST_INTERVAL_LONG,Long,長い,길게,長,长,Dài
BROADCAST_INTERVAL_OFF,Off,オフ,끄기,關閉,关闭,Tắt
