key,en,cn,jp,ko,zh,情緒,vi
SCENE_MAI_DOGGY_DOOR_AFTER_02,Hah... ugh... I feel like I'm about to collapse...,哈啊……呜呃……感觉随时会瘫下去……,はぁ…うぐ…今にもへたり込んじゃいそう…,하아.. 으긋.. 금방이라도 주저앉을 거 같아..,哈啊……嗚呃……感覺隨時會癱下去……,余韻,Hà... ư... em như sắp khuỵu xuống luôn rồi...
SCENE_MAI_COWGIRL_MARKING_PLAYING_01,Aah...! Hah! Too rough... seriously...!,啊啊……！哈呜！太激烈了啦……！,ああん…！はうっ！激しすぎ…だしぃ…！,아앙..! 하읏! 너무 거칠어..!,啊啊……！哈嗚！太激烈了啦……！,びっくり,A... hộc... anh mạnh bạo quá... thật đấy...!
SCENE_MAI_DOGGY_DOOR_AFTER_01,Hoo... it's dripping so much between my legs...,呼……一直从股间滴下来……,ふうっ…股の間から、めっちゃ垂れてくる…,흐읏.. 다리 사이로 무언가 흘러내려..,呼……一直從股間滴下來……,余韻,Phù... chảy hết ra kẽ đùi em rồi này...
SCENE_MAI_COWGIRL_MARKING_PLAYING_03,Aah...! Good...! More... go even harder...!,啊啊……！好爽……！再来……更激烈一点……！,ああんっ…！いぃ…！もっと…もっと激しくしてぇ…！,아앙! 좋아..! 더.. 더 격렬하게..!,啊啊……！好爽……！再來……更激烈一點……！,びっくり,A... sướng quá...! Nữa đi... mạnh hơn nữa đi anh...!
SCENE_MAI_COWGIRL_MARKING_PLAYING_02,Nn... kiss... don't stop kissing me... hah...!,嗯……啾……别停下接吻……哈啊……！,ん…ちゅっ…キス…止めないでよ…はぁっ…！,응.. 츄웁.. 키스.. 멈추지 마.. 아앗!,嗯……啾……別停下接吻……哈啊……！,びっくり+キス,Ưm... *chụt*... đừng ngừng hôn em mà... hah...!
SCENE_MAI_COWGIRL_MARKING_PLAYING_04,Slurp... nn... don't you dare pull your lips away...!,啾噜……嗯……不准把嘴唇离开喔……！,ちゅる…んぅ…唇離したら…ダメだからね…！,츄릅.. 으응.. 입술 떨어지면.. 안돼..!,啾嚕……嗯……不准把嘴唇離開喔……！,びっくり+キス,*Chùn chụt*... ưm... cấm anh buông môi ra đấy nhé...!
SCENE_BUTLER_AHEN_FELLATIO_3,Nnmm...,嗯唔……,んむ…,우물..,嗯唔……,フェラ,Ưm...
SCENE_BUTLER_AHEN_6,Ngh...,嗯呃……,んぐっ…,우웁..,嗯呃……,フェラ,Ực...
SCENE_BUTLER_AHEN_FELLATIO_1,Lick...,舔……,ぺろっ…,할짝..,舔……,舐める,Liếm...
SCENE_BUTLER_AHEN_FELLATIO_4,Gulp...,吞……,ごくん…,꿀꺽..,吞……,フェラ,Nuốt...
SCENE_KONIAL_AHEN_FELLATIO_1,Slurp...,啾噜……,じゅるっ…,후릅..,啾嚕……,フェラ,Mút...
SCENE_BUTLER_AHEN_FELLATIO_2,*Wet kiss*...,啾噗……,ちゅぷっ…,츄웁..,啾噗……,キス,*Chụt*...
SCENE_KONIAL_AHEN_KISS_5,Hah... kiss...,哈啊……啾……,はぁ…ちゅっ…,하아.. 쪽..,哈啊……啾……,キス,Hà... chụt...
SCENE_MAI_AHEN_KISS_1,Nn...,嗯……,んっ…,읍..,嗯……,キス,Ưm...
SCENE_KONIAL_AHEN_KISS_2,Sluuurp...,啾噜噜……,ちゅるるっ…,츄르릅..,啾嚕嚕……,キス,Chùn chụt...
SCENE_KONIAL_FULL_NELSON_CUM_01,W-wait... a-are you going to come? Inside...!,等、等一下……你、你要射吗？射在里面……！,ちょ…ちょっと…だ、出す気か？中に…！,자.. 잠깐.. 싸.. 싸려는 거야? 이 안에..엣!,等、等一下……你、你要射嗎？射在裡面……！,絶頂,K-khoan đã... n-ngươi định bắn sao? Ở bên trong...!
SCENE_MAI_ANAL_CAT_PLAYING_01,Naaah...! Hah...! Wh-what is this...! It's totally different from my pussy...!,嗯啊啊……！哈啊……！这、这是什么感觉……！跟小穴完全不一样……！,んあぁっ…！ はぁっ…！ な、なにこれぇ…！ まんこと…全然違うじゃん…！,아앙! 하읏! 뭐야.. 뭐야 이거..! 보지랑.. 완전 달라..!,嗯啊啊……！哈啊……！這、這是什麼感覺……！跟小穴完全不一樣……！,びっくり,Á... ha...! C-cái gì thế này...! Khác hẳn với phía trước luôn ấy...!
SCENE_BUTLER_AHEN_FELLATIO_5,Mmm...,啾……,ちゅ…,츄..,啾……,キス,Chụt...
SCENE_MAI_ANAL_CAT_PLAYING_03,It's embarrassing... way more embarrassing than usual...!,好害羞……比平常还要害羞多了……！,恥ずかしい…いつもより…ずっと恥ずかしいよぉ…っ！,부끄러워.. 평소보다.. 훨씬 부끄러웟..!,好害羞……比平常還要害羞多了……！,びっくり,Xấu hổ quá... xấu hổ hơn bình thường nhiều luôn ấy...!
SCENE_KONIAL_FULL_NELSON_CUM_02,Ah... haaahn...! ...All of it... all of it inside...! Ugh...!,啊……哈啊啊……！ ……全部……全部都射在里面……！呜呃……！,あ…はぁああん…っ…！…全部…全部…中にぃ…！うぐぅ…ッ！,아.. 아앙..! 전부.. 전부.. 안에..! 으응..!!,啊……哈啊啊……！……全部……全部都射在裡面……！嗚呃……！,絶頂,A... ưm... bắn hết... bắn hết vào trong đi...! Ư...!
SCENE_MAI_ANAL_CAT_PLAYING_02,Nnn...! You're hitting... some weird place deep inside... aahn!,嗯嗯……！里面……奇怪的地方……被顶到了……啊啊！,んんっ…！ 奥の…変なとこ…突かれてるぅ…ああんっ！,으응..! 안쪽.. 이상한 곳.. 찔러지고 있어.. 아앙!,嗯嗯……！裡面……奇怪的地方……被頂到了……啊啊！,びっくり,Ưm...! Anh đâm trúng... chỗ kỳ lạ nào ở sâu bên trong rồi... aahn!
SCENE_MAI_ANAL_CAT_PLAYING_04,Auh...! You're hitting somewhere... totally different from my pussy...!,啊呜……！被顶到的地方……跟小穴完全不一样……！,あうっ…！まんことは違うとこ…突かれてるぅ…！,아읏..! 보지와는 다른 곳 찌르고 있어..!,啊嗚……！被頂到的地方……跟小穴完全不一樣……！,びっくり,Á...! Anh đang đâm vào... chỗ khác hẳn phía trước rồi...!
SCENE_KONIAL_MISSIONARY_KISS_READY_01,K-kiss me... don't stop... hah... just like that...,亲、亲我……不要停……哈呜……就这样……,キ、キス…やめるな…はぅっ…そのまま…,키.. 키스.. 멈추지 마.. 하읏.. 그대로..,親、親我……不要停……哈嗚……就這樣……,ツンデレ,H-hôn ta đi... đừng dừng lại... hah... cứ thế đi...
SCENE_REINA_DOGGY_SWIMSUIT_AFTER_02,Nn... if we stay like this... I'm sure I'll get pregnant...,嗯呜……再这样下去的话，肯定会怀孕的……,んぅ…このままだと、きっと妊娠しちゃいます…,으응.. 이대로면 분명 임신할거에요..,嗯嗚……再這樣下去的話，肯定會懷孕的……,余韻+笑顔,Ưm... cứ thế này... chắc em sẽ có thai mất...
SCENE_REINA_DOGGY_SWIMSUIT_AFTER_03,Look... your semen is overflowing from me...,您看……精液从里面流出来了喔……,見てください…精液が、溢れてきてますよ…,보세요.. 정액이 넘쳐 흘러나오고 있어요..,您看……精液從裡面流出來了喔……,余韻+笑顔,Anh nhìn này... tinh dịch đang tràn hết ra ngoài em rồi...
SCENE_KONIAL_MISSIONARY_KISS_READY_03,Do you intend to keep me waiting...?,你打算让我等下去吗……？,我を、待たせるつもりか…？,감히 날 기다리게 할 거야..?,你打算讓我等下去嗎……？,ツンデレ,Ngươi định để ta phải chờ đợi sao...?
SCENE_KONIAL_MISSIONARY_KISS_READY_02,Nnnh...? What are you hesitating for... hurry and put it in... hah...,嗯嗯……？你在犹豫什么……还不快放进来……哈呜……,んんぅ…？何を、躊躇ってる…早く、入れないか…はぅっ…,으응..? 뭘 묻고 있는 거야.. 어서 넣으라고.. 하읍..,嗯嗯……？你在猶豫什麼……還不快放進來……哈嗚……,ツンデレ,Ưm...? Ngươi còn ngập ngừng gì nữa... mau đưa vào đi... hah...
SCENE_REINA_DOGGY_SWIMSUIT_AFTER_01,Hah... hah... your semen... makes my belly... so warm...,哈啊……哈啊……您的精液……让我的肚子里……变得好温暖……,はぁ…はぁ…あなたの精液で…お腹の中…とても、温かいです…,하아.. 하아.. 당신의 정액으로.. 뱃속이.. 따듯해요..,哈啊……哈啊……您的精液……讓我的肚子裡……變得好溫暖……,余韻,Hà... hà... tinh dịch của anh... làm bụng em... ấm áp quá...
SCENE_MAI_SUMATA_PLAYING_04,You're better at touching boobs than I expected... might feel kinda good...,你摸胸部意外地挺会嘛……好像有点舒服……,おっぱい触んの、意外と上手いじゃん？…ちょっと気持ちいーかも…,가슴 만지는 거 제법이잖아? ..조금 기분 좋을지도..,你摸胸部意外地挺會嘛……好像有點舒服……,びっくり,Cậu xoa ngực cũng khá đấy chứ nhỉ?... Hình như cũng hơi sướng sướng rồi...
SCENE_REINA_DOGGY_WINDOW_READY_02,Ah... my breasts against the cold glass... hah...,啊……胸部贴在冰冷的玻璃上……哈啊……,あ…冷たいガラスに…おっぱいが…はぅっ…,아.. 차가운 유리에.. 가슴이.. 하읏..,啊……胸部貼在冰冷的玻璃上……哈啊……,照れてる,Á... ngực em ép sát vào lớp kính lạnh... hah...
SCENE_REINA_DOGGY_WINDOW_READY_03,A-are you just going to watch...?,您、您只是要看着吗……？,み、見ているだけですか…？,보.. 보고만 있으실 건가요?..,您、您只是要看著嗎……？,照れてる,A-anh... chỉ đứng nhìn thôi sao...?
SCENE_MAI_SUMATA_PLAYING_01,"Ahaha, you're pretty good... yeah. Feels good?",啊哈，挺会的嘛……对。舒服吗？,あはっ、上手じゃん…そう。気持ちいい？,"하핫, 잘 하네.. 그래. 기분 좋아?",啊哈，挺會的嘛……對。舒服嗎？,遊び心,"A ha, giỏi đấy chứ... Sao nào, sướng không?"
SCENE_KONIAL_PRESS_CUM_01,Hah...?! Y-you're coming? Wait...! If you come now...! Ohohhh...!!,哈啊……？ ！你、你要射？等等……！现在射的话……！喔呵啊啊……！ ！,はぁ…？！だ、出すって？ちょっと…！今出されたら…！おほぉぉぉっ…！！,뭐?! 싼다고? 잠깐..! 지금 싸버리면..! 오오오옥!,哈啊……？！你、你要射？等等……！現在射的話……！喔呵啊啊……！！,絶頂,Hả...?! N-ngươi định ra sao? Khoan đã...! Nếu ra bây giờ...! Ôi thôi...!!
SCENE_REINA_DOGGY_WINDOW_READY_01,It really is... a little embarrassing...,果然……还是有点害羞……,やっぱり…少し恥ずかしいです…,역시.. 조금 부끄러워요..,果然……還是有點害羞……,照れてる,Thế này... vẫn hơi xấu hổ...
SCENE_MAI_SUMATA_PLAYING_03,"Nn, you can thrust all you want and I still won't get pregnant...",嗯，你再怎么顶也不会怀孕啦……,んっ、そんなに突いても妊娠しないし…,"읏, 그렇게 박아도 임신 안 하니까..",嗯，你再怎麼頂也不會懷孕啦……,照れてる,"Ưm, có thúc thế nào thì cũng không có thai được đâu mà..."
SCENE_MAI_SUMATA_PLAYING_02,Nn... like you're putting it in my pussy? Hehe...,嗯……像插进我的小穴一样？嘿嘿……,んぅ…まんこに入れてるみたい、って？へへ…,으응.. 보지에 넣은 거 같다고? 헤헤..,嗯……像插進我的小穴一樣？嘿嘿……,笑顔,Ưm... cậu bảo như đang đút vào trong ấy hả? Hê hê...
SCENE_KONIAL_PRESS_CUM_02,Ugh?! Like this... inside?! W-wait... haaah?!,呜呃？ ！就这样……射里面？ ！等、等……哈啊啊？ ！,うぐっ？！このまま…中に？！ま…待っ…はぁあぁっ？！,으읏?! 이대로 안에?! 기.. 기다려..엇?!,嗚呃？！就這樣……射裡面？！等、等……哈啊啊？！,絶頂,Ư...?! Cứ thế... bắn vào trong sao?! K-khoan... haaah?!
SCENE_MAI_PAIZURI_CUM_02,It's throbbing so hot... almost there?,烫烫的还在跳……快射了吗？,熱いの、ビクビクしてるじゃん…もう出る…？,뜨거운 게 움찔거리잖아! 이제 싸는 거야?,燙燙的還在跳……快射了嗎？,びっくり,Nó nóng hổi và đang giật giật rồi này... Sắp ra chưa cậu...?
SCENE_MAI_PAIZURI_CUM_01,"Close? Sure, just come like that...!",快射了？可以啊，就这样射出来……！,出そう？いーよ、そのまま出しちゃっても…！,"쌀 것 같아? 그래, 그대로 싸도 되니까..!",快射了？可以啊，就這樣射出來……！,びっくり,"Sắp ra rồi à? Được thôi, cứ bắn thẳng luôn đi...!"
SCENE_KONIAL_FULL_NELSON_AFTER_01,Nnuh... uuh... you... how dare you...!,嗯呜……呜呜……你……竟敢这样……！,んぅっ…うぅっ…お前達…よくもぉっ…！,응호옷.. 이 녀석들.. 감히잇..,嗯嗚……嗚嗚……你……竟敢這樣……！,精神/心+おほ声 (壊れた喘ぎ声),Ư... ư... lũ các ngươi... sao dám...!
SCENE_KONIAL_FULL_NELSON_AFTER_02,O-ohh...,喔、喔呵……,おっ…おほぉっ……,으긋.. 오오옷..,喔、喔呵……,精神/心+おほ声 (壊れた喘ぎ声),A... a...
SCENE_KONIAL_FULL_NELSON_AFTER_03,Hii... hah... hah... hoo...,咿……哈啊……哈啊……呼……,ひぃっ…はぁ…はぁ…ふぅ…,흐이익.. 하아.. 하아..,咿……哈啊……哈啊……呼……,精神/心+おほ声 (壊れた喘ぎ声),Hơ... hà... hà... phù...
SCENE_MAI_STANDING_SEX_AFTER_03,"Hah... I'm gonna fall, so hold me properly, okay?",哈啊……我快跌倒了，你要好好扶着我喔……？,はぁ…こけちゃいそーだから、ちゃんと支えててよね…？,"하아.. 넘어질 거 같으니까, 꼭 잡아줘..",哈啊……我快跌倒了，你要好好扶著我喔……？,余韻,"Hà... em sắp ngã rồi, nên phải ôm chặt lấy em đấy nhé...?"
SCENE_MAI_STANDING_SEX_AFTER_02,Seriously feels amazing... I've never felt this before...,真的好爽……这种感觉……还是第一次……,マジ気持ちいい…こんなの…初めて……,정말 좋아.. 이런 거.. 처음이야..,真的好爽……這種感覺……還是第一次……,余韻,Sướng dã man luôn... Cảm giác này... đây là lần đầu tiên...
SCENE_MAI_STANDING_SEX_AFTER_01,Hah... hah... wow... my legs won't work...,哈啊……哈啊……好猛……腿都没力了……,はぁ…はぁ…すご…足…力入んないや……,하아.. 하아.. 대단해.. 다리에.. 힘이 안 들어가..,哈啊……哈啊……好猛……腿都沒力了……,余韻,Hà... hà... đỉnh quá... chân em không còn chút sức lực nào nữa rồi...
SCENE_KONIAL_FULL_NELSON_READY_01,Kuh... t-this... I can't shake it off...?,呿……这、这个……我竟然挣脱不了……？,くっ……こ、これ……振りほどけないぞ…？,큿.. 이.. 뿌리칠 수 없잖아?,呿……這、這個……我竟然掙脫不了……？,うろたえる,Ưm... c-cái này... ta không tài nào gỡ ra được sao...?
SCENE_KONIAL_FULL_NELSON_READY_03,Did you think the great Konial... was frightened?,你以为本柯尼亚尔大人……会害怕吗？,このコニアル様が…怯えてるとでも思ったか？,이 코니알 님이 겁먹었다 생각한 거야?,你以為本柯尼亞爾大人……會害怕嗎？,誇らしげな,Ngươi nghĩ một Konial cao quý như ta... lại biết sợ hãi sao?
SCENE_KONIAL_FULL_NELSON_READY_02,K-kihihi... wait a moment...,嘻、嘻嘻……等一下……,き…きひひ…ちょっと待て…,키.. 키히히.. 잠깐 기다려..,嘻、嘻嘻……等一下……,うろたえる,K-khi hi hi... chờ đã...
SCENE_MAI_FELLATIO_CUM_01,Ngh! You're coming now...?,嗯呃！现在要射了……？,んぐっ！今出すの…？,우웁! 지금 싸는 거야?,嗯呃！現在要射了……？,びっくり,Ực! Bắn bây giờ luôn hả...?
SCENE_REINA_SYUYU_CUM_01,A-aah... I'm going strange...! It feels too good... hah...!,啊、啊啊……我快变奇怪了……！太舒服了……哈呜……！,あ…ああん…おかしくなっちゃいます…！気持ちよすぎて…はぅんっ…！,아.. 아앙.. 이상해져요..! 너무 기분 좋아서.. 아읏!,啊、啊啊……我快變奇怪了……！太舒服了……哈嗚……！,絶頂,A... á... em phát điên mất thôi...! Sướng quá trời... ưm...!
SCENE_REINA_SYUYU_CUM_02,"Are you about to come...? Yes, let it all out...!",您快射了吗……？好的，请全部……射出来……！,イきそうですか…？はい、全部…出してくださいっ…！,"갈 거 같으신가요..? 네, 전부 싸 주세요..!",您快射了嗎……？好的，請全部……射出來……！,絶頂,"Anh sắp ra rồi ạ...? Vâng, bắn hết... vào trong em đi...!"
SCENE_MAI_FELLATIO_CUM_02,"You're close? Nnmm... fine. Don't spill any, okay?",你快射了？嗯唔……可以啊。可别漏出来喔？,出そうって？んむ…いーよ。こぼしちゃダメだからね？,쌀 거 같다고? 우움.. 그래. 흘리면 안 된다?,你快射了？嗯唔……可以啊。可別漏出來喔？,びっくり,Cậu sắp ra rồi á? Ưm... được thôi. Cấm làm đổ ra ngoài đấy nhé?
SCENE_KONIAL_ONAHLE_READY_03,There... how does it feel?,来……感觉如何？,ほら…気分はどうだ？,으응~ 기분이 어때?,來……感覺如何？,からかう,Nào... cảm giác thế nào rồi?
SCENE_KONIAL_ONAHLE_READY_02,Don't worry... just relax...,别担心……放轻松……,心配するな…力を抜いて…,괜찮아.. 힘 빼고~,別擔心……放輕鬆……,からかう,Đừng lo... cứ thả lỏng người ra...
SCENE_KONIAL_ONAHLE_READY_01,Kihihi... Look how hard you've gotten.,嘻嘻嘻……变得挺硬的嘛。,きひひ……随分と硬くなってるじゃないか。,키히히.. 엄청나게 커 졌네?,嘻嘻嘻……變得挺硬的嘛。,からかう,Kê hê hê... Hóa ra đã cứng đến mức này rồi cơ à.
SCENE_PAZUZU_COWGIRL_PLAYING_04,"You may go faster, you know...? Nnn...",再快一点也可以喔……？嗯嗯……,もっと速くしてもいいんですよ…？んんっ…,더 빠르게 해도 되겠죠..? 읏..,再快一點也可以喔……？嗯嗯……,びっくり,Ta cho phép ngươi làm nhanh hơn đấy...? Ưm...
SCENE_CALL_KONIAL_ELNIKO,Elniko.,Elniko。,えるにこ.,Elniko.,Elniko。,からかう,Elniko.
SCENE_PAZUZU_COWGIRL_PLAYING_03,Make it harder... aahn...,请让它……变得更硬……啊啊……,もっと、硬くしてください…あぁん…っ…,"좀 더, 단단하게 해 보세요.. 아앙..",請讓它……變得更硬……啊啊……,軽い驚き,Hãy làm cho nó... cứng hơn nữa đi... aahn...!
SCENE_REINA_MISSIONARY_PANTIES_AFTER_03,Yes... Do whatever you want with me... as many times as you like...,嗯……不管多少次……您都可以随心所欲地使用我……,はい…何度でも…好きにしていいですよ…,네.. 몇 번이고.. 해주셔도 좋으니까.,嗯……不管多少次……您都可以隨心所欲地使用我……,余韻,Vâng... bao nhiêu lần cũng được... anh cứ tùy ý làm gì em cũng được...
SCENE_PAZUZU_COWGIRL_PLAYING_02,Nn...! Not bad at all... ugh... hah...,嗯……！还挺有用的呢……呜呃……哈呜……,んっ…！なかなか使えますね…うくっ…はうっ…,응..! 제법 쓸만하네요.. 우힛.. 하읏..,嗯……！還挺有用的呢……嗚呃……哈嗚……,軽い驚き,Ưm...! Ngươi làm cũng khá đấy chứ... ư... hộc...
SCENE_REINA_MISSIONARY_PANTIES_AFTER_02,...You're still... hard... hehe...,……你还是……硬着呢……呵呵……,…まだ…硬いままですね…ふふっ…,..아직.. 단단하시네요.. 후훗..,……你還是……硬著呢……呵呵……,笑顔,...Vẫn còn cứng thế này cơ à... hi hi...
SCENE_PAZUZU_COWGIRL_PLAYING_01,Hoo... haaah... auhn...!,呼……哈啊啊……啊嗯……！,ふぅっ、はぁぁ…あぅん…！,"흐읏, 하아아.. 아응..!",呼……哈啊啊……啊嗯……！,びっくり,Phù... hà... a...!
SCENE_REINA_MISSIONARY_PANTIES_AFTER_01,Hah... hah... your semen... is overflowing...,哈啊……哈啊……您的精液……都流出来了……,はぁ…はぁ…あなたの精液…溢れてます…,하아.. 하아.. 당신의 정액.. 흘러나오고 있어요..,哈啊……哈啊……您的精液……都流出來了……,余韻,Hà... hà... tinh dịch của anh... đang tràn hết ra rồi...
SCENE_MAI_FELLATIO_PLAYING_01,Nnmm... (trembling...),嗯唔……（颤抖……）,んむっ……（ビクビク……）,우웁.. (톡톡..),嗯唔……（顫抖……）,心ここにあらずで吸う,Ưm... *giật giật*...
SCENE_MAI_FELLATIO_PLAYING_02,"Nn... *slurp*... how is it, feel good...? ...(slick...)",嗯……啾噗……怎样，舒服吗……？ ……（湿黏……）,んぅ…ちゅぷ…どお、気持ちいー…？…（ぬちゅっ…）,"으응.. 츄웁.. 어때, 기분 좋아? ..(토도독..)",嗯……啾噗……怎樣，舒服嗎……？……（濕黏……）,心ここにあらずで吸う,"Ưm... *chụt*... sao hả, sướng không...? ...*láp nháp*..."
SCENE_MAI_FELLATIO_PLAYING_03,Nnmm... hm? This spot's weak? Then I'll use my tongue more...,嗯唔……嗯？这里很敏感？那我再多用点舌头……,んむ…ん？ここが弱いの？じゃあ、もっと舌使って…,우물.. 으응? 여기가 약한 거야? 그럼 좀더 혀를 써서..,嗯唔……嗯？這裡很敏感？那我再多用點舌頭……,心ここにあらずで吸う,Ưm... hử? Chỗ này là điểm nhạy cảm của cậu à? Thế thì tớ sẽ dùng lưỡi nhiều hơn...
SCENE_MAI_FELLATIO_PLAYING_04,Ngh... it goes deeper down my throat than I thought... ahm...,嗯呃……比想像中还插到喉咙深处……啊唔……,んぐっ…思ったより喉の奥まで入ってくる…あむっ…,하읏.. 생각보다 목구멍 깊이까지 들어오네.. 우읍..,嗯呃……比想像中還插到喉嚨深處……啊唔……,びっくり,Ực... đút sâu vào tận cổ họng tớ luôn rồi... ưm...
SCENE_REINA_SITTING_REVERSE_CUM_01,Y-yes... I was waiting...! Fill my womb until it's completely full...!,好、好的……我等着呢……！请把我的子宫……射得满满的……！,は、いぃ…待ってました…！私の子宮、いっぱいになるくらい、いっぱいに…！,네엣.. 기다렸어요..! 제 자궁 가득 찰 정도로 가득!,好、好的……我等著呢……！請把我的子宮……射得滿滿的……！,絶頂,"V-vâng... em chờ mãi... Bắn đầy tử cung em đi, ngập tràn luôn đi anh...!"
SCENE_REINA_SITTING_REVERSE_CUM_02,"I'm coming! I'm going to come...! Nn, fuaaaaahn...!",我要去了！要去了……！嗯、呼啊啊啊……！,イくっ！イっちゃう…っ！んっ、ふあああぁぁん…！,"가버렷..! 간닷! 흣, 흐아아앙..!",我要去了！要去了……！嗯、呼啊啊啊……！,絶頂,"Ra mất! Em ra mất rồi...! Ưm, a...!"
SCENE_KONIAL_COWGIRL_AFTER_02,"Come on, hurry up and get hard again.",好了，快点再硬起来。,ほら、さっさともう一度硬くしろ。,"어서, 다시 단단하게 만들라고~",好了，快點再硬起來。,からかう,"Nao, mau làm cho nó cứng lại lần nữa đi."
SCENE_KONIAL_COWGIRL_AFTER_03,"...You didn't think we'd stop after one round, did you?",……你不会以为一次就结束了吧？,…一回で終わるなんて思ってないよな…？,..한 번으로 끝날거라 생각 한 거 아니지?,……你不會以為一次就結束了吧？,からかう,...Ngươi đâu có nghĩ chỉ một lần là xong chuyện đúng không...?
SCENE_MAI_DOGGY_DOOR_READY_02,"No matter how much... I move like this... nn, it won't budge...",不管我……怎么这样动……嗯，完全不动耶……,いくら……こーやって動いても……んっ、びくともしないしぃ…,"아무리.. 이렇게 움직여도, 읏. 꼼짝도 않는 걸.",不管我……怎麼這樣動……嗯，完全不動耶……,生意気+照れてる,"Dù tớ... có lắc hông thế này... ưm, cậu cũng chẳng hề hấn gì nhỉ..."
SCENE_KONIAL_COWGIRL_AFTER_01,Hah... impressive... my belly is hot inside...,哈啊……真厉害……肚子里好烫……,はぁ…凄かったぞ…腹の中が熱い…,하아.. 대단하네.. 뱃속이 뜨거워.,哈啊……真厲害……肚子裡好燙……,からかう,Hà... đỉnh thật đấy... trong bụng ta nóng rực lên rồi...
SCENE_MAI_DOGGY_DOOR_READY_03,"You're thinking something dirty, aren't you? You're such a closet perv... hehe...",你是不是在想色色的事？你本来就闷骚嘛……嘿嘿……,エッチなこと考えてんじゃない…？あんた、むっつりスケベだし…へへっ…,이상한 생각 하는 거 아니야? 응큼하긴.. 히힛..,你是不是在想色色的事？你本來就悶騷嘛……嘿嘿……,生意気+照れてる,Cậu lại đang nghĩ chuyện đen tối đúng không?... Cậu đúng là đồ dâm ngầm mà... hê hê...
SCENE_REINA_SITTING_REVERSE_READY_01,My pussy is completely exposed...,我的小穴被看得一清二楚呢……,私のおまんこ、丸見えですね…,"제 보지, 훤히 보여지고 있어요..",我的小穴被看得一清二楚呢……,照れてる,Chỗ đó của em... bị nhìn thấy hết rồi...
SCENE_REINA_SITTING_REVERSE_READY_02,...Am I heavy? I'm rather big in several places...,……我会不会很重？我的身体有好几处都很大……,…重くありませんか？私、あちこち大きいので…,..무겁진 않으시죠? 이곳저곳 큰 편이라..,……我會不會很重？我的身體有好幾處都很大……,照れてる,...Em có nặng không anh? Người em chỗ nào cũng to đùng...
SCENE_MAI_DOGGY_DOOR_READY_01,I'm stuck in the door... and I can't move...,我被门夹住了……动不了啦……,ドアに挟まって…動けないんですけどぉー…,문에 끼여서.. 못 움직이겠는 걸~..,我被門夾住了……動不了啦……,生意気+照れてる,Bị kẹt vào khe cửa rồi... tớ không cử động được nữa này...
SCENE_REINA_SITTING_REVERSE_READY_03,Your cock is soaked with my love juices...,您的阴茎……被我的爱液弄得湿答答的……,私の愛液で、ぐしょぐしょに濡れてます。あなたの、おちんちん…,제 애액으로 잔뜩 젖고 있어요. 당신의 자지..,您的陰莖……被我的愛液弄得濕答答的……,照れてる,Nước tình của em làm nó ướt sũng rồi. Của anh đấy...
SCENE_BUTLER_MISSIONARY_AFTER_01,Uuuh... I... ah... naaah...!,呜呜……我、我……啊……嗯啊啊……！,ううぅっ…わたくし、あ…んぁあっ…！,"으으읏.. 저, 그게.. 우으으..",嗚嗚……我、我……啊……嗯啊啊……！,余韻,Ư... ư... kẻ hèn này... a... á...!
SCENE_BUTLER_MISSIONARY_AFTER_03,P-please do not look for a moment... I am still embarrassed...,请、请您暂时不要看我……我还是很害羞……,す…少しの間、見ないでくださいませ…まだ、恥ずかしいので…,자.. 잠시 보지 마세요.. 아직 부끄러워요..,請、請您暫時不要看我……我還是很害羞……,照れてる,X-xin ngài đừng nhìn em lúc này... em vẫn còn xấu hổ lắm...
SCENE_BUTLER_MISSIONARY_AFTER_02,So this... is sex... hah... hoo...,这就是……性交……呢……哈啊……呼……,これが…セックス、なのですね…はぁ…ふぅ…,이게.. 섹스라는 거군요.. 하아.. 으응..,這就是……性交……呢……哈啊……呼……,余韻,Thì ra đây... chính là quan hệ xác thịt sao... hà... phù...
SCENE_CALL_MAI_ELNIKO,Elniko~!,Elniko～！,えるにこ~!,Elniko~!,Elniko～！,遊び心のある,Elniko~!
SCENE_REINA_SYUYU_AFTER_01,Hah... hah... it's still coming out...,哈啊……哈啊……还在流呢……,はぁ…はぁ…まだ、出てますね…,하아.. 하아.. 아직도 나오고 있네요..,哈啊……哈啊……還在流呢……,余韻,Hà... hà... vẫn đang chảy ra kìa anh...
SCENE_REINA_SYUYU_AFTER_03,Hehe... are you full? I'm glad...,呵呵……喝饱了吗？太好了……,ふふっ…お腹いっぱいですか？よかったです…,후훗.. 배부른가요? 다행이에요..,呵呵……喝飽了嗎？太好了……,笑顔,"Hi hi... anh đã ""no bụng"" chưa ạ? Vậy thì tốt quá..."
SCENE_REINA_SYUYU_AFTER_02,...So... this is what it feels like to have my breasts sucked...,……原来……胸部被吸是这种感觉呢……,…その…こんな気分だったんですね。おっぱいを吸われるのって…,..그게.. 이런 기분이었군요. 젖을 빨리는 거.,……原來……胸部被吸是這種感覺呢……,余韻,...Hóa ra... cảm giác khi được bú ngực là thế này sao...
SCENE_REINA_DOGGY_WINDOW_CUM_02,A-are you going to cum...? Yes... deep inside me... cum lots...!,你、你快射了吗……？ ……好的……请射在我里面……射好多……！,しゃ、射精しそうなんですか…？…はい…私の中に…たっぷりと…！,사.. 사정할 거 같으신가요..? 네.. 제 안에 가득..!,你、你快射了嗎……？……好的……請射在我裡面……射好多……！,絶頂,A... anh sắp bắn rồi ạ...? ...Vâng... bắn thật nhiều... vào trong em đi...!
SCENE_REINA_COWGIRL_AFTER_01,Ah... hah... hah...,啊……哈啊……哈啊……,あっ…はぁ…はぁっ…,헤헥.. 헤엣..,啊……哈啊……哈啊……,余韻,Á... hà... hà...
SCENE_REINA_COWGIRL_AFTER_03,Hoo... hah... nnuh...,呼……哈啊……嗯呜……,ふぅ…はぁ…うぅん…,후우.. 하.. 으으응..,呼……哈啊……嗯嗚……,余韻,Phù... hà... ư...
SCENE_REINA_DOGGY_WINDOW_CUM_01,Hah... a-at this rate... I'm going to...!,哈啊……再、再这样下去……我会……！,はあっ…こ、このままだと…私…！,하앗.. 이.. 이대로면 저는..!,哈啊……再、再這樣下去……我會……！,絶頂,Hà... c-cứ đà này thì... em mất...!
SCENE_REINA_COWGIRL_AFTER_02,Uuh... hah... aaah...,呜呜……哈啊……啊啊……,うぅっ…はぁ…あぁっ…,으읏.. 헥.. 헤엣..,嗚嗚……哈啊……啊啊……,余韻,Ư... hà... á...
SCENE_REINA_MISSIONARY_PANTIES_CUM_02,Aaah...! Yes... so much... come all the way...!,啊啊……！对……好多……全部射出来……！,ああっ…！はい…たくさん…！全部出してください…！,아앗..! 네.. 잔뜩..! 남김없이 싸 주세요..!,啊啊……！對……好多……全部射出來……！,絶頂,Á...! Vâng... thật nhiều vào...! Hãy bắn hết vào trong em đi...!
SCENE_REINA_MISSIONARY_PANTIES_CUM_01,I-I'm cumming...! Fill my womb... with lots of cum...! Nnnh...!,我、我要去了……！请射满……我的子宫里面……！嗯嗯……！,イ、イっちゃいます…！子宮の中に…いっぱい…出してください…！んんっ…！,가.. 가버려요..! 자궁 안에.. 가득.. 싸주세요..! 으응!,我、我要去了……！請射滿……我的子宮裡面……！嗯嗯……！,絶頂,E-em ra mất thôi...! Vào sâu trong tử cung em... bắn thật nhiều đi anh...! Ưm...!
SCENE_MAI_AHEN_FELLATIO_2,Nnmm... kiss...,嗯唔……啾……,んむ…ちゅ…,우물.. 츄..,嗯唔……啾……,舐める,Ưm... chụt...
SCENE_MAI_AHEN_FELLATIO_3,Nmbh...!,嗯噗……！,んぶっ…！,우웁..!,嗯噗……！,フェラ,Ực...!
SCENE_MAI_AHEN_FELLATIO_1,Slurp...,啾噜……,ちゅるっ…,츄릅..,啾嚕……,喘ぎ,*Chùn chụt*...
SCENE_REINA_MISSIONARY_KISS_CUM_02,Mmm...! Nnmm...! Please... inside... fill me up inside...!,啾……！嗯唔……！拜托……里面……射满我的里面……！,ちゅぅ…！んむぅ…っ！お願いです…中に…中にいっぱい…っ！,츄웁..! 으읍..!! 부탁이니.. 안에.. 안에 가득..!!,啾……！嗯唔……！拜託……裡面……射滿我的裡面……！,キス+絶頂,Hớp...! Ưm...! Em xin anh... bên trong... bắn ngập ngụa bên trong đi...!
SCENE_KONIAL_AHEN_FELLATIO_4,Gulp...,吞……,ごくっ…,꿀꺽..,吞……,フェラ,Nuốt...
SCENE_REINA_MISSIONARY_KISS_CUM_01,Aaah...! Yes... please... let it all out inside me...! Aahn...!,啊啊……！对……请把全部……都射在我里面……！啊啊……！,あぁ…っ！そうです……わ、私の中に…全部出してください…！あぁん…っ！,가.. 가요..! 제 안에.. 전부 싸 주세요..! 아앙!,啊啊……！對……請把全部……都射在我裡面……！啊啊……！,照れてる,A...! Đúng rồi...... V-vào trong em... hãy bắn hết vào đi anh...! A...!
SCENE_BUTLER_AHEN_KISS_3,Mmm...,啾……,ちゅっ…,쪼옥..,啾……,フェラ,Chụt...
SCENE_MAI_COWGIRL_MARKING_READY_01,Hehe... nice... your thick cock is pressing against me down there.,嘿嘿……不错耶……你那根粗大的鸡鸡顶在下面了。,へへ…いーね…あんたのぶっといちんぽ…下に当たってるし。,"헤헤.. 좋아.. 네 단단한 자지, 아랫배에 닿고 있어.",嘿嘿……不錯耶……你那根粗大的雞雞頂在下面了。,照れてる,Hê hê... được đấy chứ... con cặc thô bạo của cậu... đang thúc ngay bên dưới tớ rồi này.
SCENE_REINA_BREAST_TOUCH_AFTER_01,Hah... hah... I'm sorry... I just...,哈啊……哈啊……对不起……我不小心……,はぁ…はぁ…ごめんなさい…私、つい…,하아.. 하아.. 죄송해요.. 저도 모르게..,哈啊……哈啊……對不起……我不小心……,照れてる,Hà... hà... em xin lỗi... em lỡ...
SCENE_MAI_COWGIRL_MARKING_READY_02,"Hey... your breathing's kinda rough, you know? You're seriously turned on.",欸……你鼻息也太粗了吧？超兴奋的嘛。,ちょっとぉ…鼻息荒いんですけど…？めちゃくちゃ興奮してんじゃん。,어이.. 콧바람이 거칠잖아.. 엄청 흥분했네.,欸……你鼻息也太粗了吧？超興奮的嘛。,照れてる,Này này... thở phì phò thế... Cậu đang hưng phấn tột độ rồi đúng không.
SCENE_MAI_COWGIRL_MARKING_READY_03,Aha... leave your mark all the way in the back of my womb...!,啊哈……把你的痕迹……留在我子宫最深处吧……！,あは…子宮の奥まで…あんたの匂い、残してよぉ…！,그래.. 자궁 깊은 곳까지.. 너의 흔적을 남겨줘..,啊哈……把你的痕跡……留在我子宮最深處吧……！,照れてる,A ha... vào tận sâu trong tử cung... hãy lưu lại mùi hương của cậu đi...!
SCENE_REINA_BREAST_TOUCH_AFTER_03,... Please... just a little longer... Let's stay like this...,……再一下……只要再一下下……请您就这样陪着我……,…少し…もう少しだけ…このままで…いさせてください…,..조금.. 조금만 더.. 이대로.. 있어주세요..,……再一下……只要再一下下……請您就這樣陪著我……,余韻,...Một chút... chỉ một chút nữa thôi... cho em cứ thế này... thêm một lát nhé...
SCENE_REINA_BREAST_TOUCH_AFTER_02,...I never knew... my breasts were this sensitive...,……我不知道……我的胸部……竟然这么敏感……,…私のおっぱい…こんなに…感じやすいなんて…知りませんでした…,..제 가슴.. 이렇게나.. 잘 느끼는 줄.. 몰랐어요..,……我不知道……我的胸部……竟然這麼敏感……,照れてる,...Em không ngờ... ngực của mình... lại nhạy cảm đến thế...
SCENE_PAZUZU_TENTACLE_RAPE_PLAYING_04,Ah... aah...! Something like this... could never make me...!,啊……啊啊……！我怎么可能……被这种东西……！,あ…ああっ…！こんな…こんなもので…わたしは…っ！,아.. 아앗..! 이런.. 이런 걸로..! 저는..!,啊……啊啊……！我怎麼可能……被這種東西……！,びっくり,A... á...! Chỉ bằng thứ... thứ này mà đòi làm ta...!
SCENE_PAZUZU_TENTACLE_RAPE_PLAYING_03,Auhn! I-I'm not... feeling it... naaah?!,啊嗯！我、我才没有……觉得舒服……嗯啊啊？ ！,あうんっ！か、感じたりなんて…んぁあっ…？！,아응! 느.. 느낀다거나 하는 게.. 엣?!,啊嗯！我、我才沒有……覺得舒服……嗯啊啊？！,びっくり,Á hộc! T-ta sao có thể thấy sướng được chứ... á...?!
SCENE_KONIAL_AHEN_6,Ngh...,嗯呃……,んぐっ…,으으..,嗯呃……,喘ぎ,Ực...
SCENE_PAZUZU_TENTACLE_RAPE_PLAYING_02,Hoh...! Nn...! If you stir inside me like that... ah... aahn...!,呼……！嗯嗯……！里面……被你这样搅弄的话……啊……啊啊……！,ふぅっ…！んん…！中を…そんな風に…かき回されたら…あ…あぁん…っ！,흐읏..! 으응..! 안쪽을.. 마구.. 휘저으면.. 아.. 아앙..!,呼……！嗯嗯……！裡面……被你這樣攪弄的話……啊……啊啊……！,びっくり,Phù...! Ưm...! Bên trong... nếu cứ bị khuấy loạn như thế... a... á...!
SCENE_PAZUZU_TENTACLE_RAPE_PLAYING_01,Aah...! Auh! P-please wait a moment...!,啊啊……！啊呜！请、请等一下……！,ああん……！あうっ！ちょ、ちょっと待ってくださいっ…！,"아앙..! 아읏! 자, 잠까안!",啊啊……！啊嗚！請、請等一下……！,緊張,A... á! K-khoan đã...!
SCENE_REINA_DOGGY_SWIMSUIT_CUM_02,I'll take your cock... all the way to my deepest place...!,我会让您的肉棒……进到我最深的地方……！,あなたのおちんちん…一番深いところまで、入れてあげますから…！,당신의 자지.. 가장 깊은 곳까지 넣을 테니까..!,我會讓您的肉棒……進到我最深的地方……！,絶頂,Bởi vì em sẽ đút... con cặc của anh vào tận nơi sâu nhất của em...!
SCENE_REINA_DOGGY_SWIMSUIT_CUM_01,I-I'm coming...! I can't... stop anymore...!,我、我要去了……！已经……停不下来了……！,い、イっちゃいます…！もう…止められませんっ…！,가.. 가버려요..! 멈추지 못하겠어요!,我、我要去了……！已經……停不下來了……！,絶頂,E-em ra mất thôi...! Không... không thể dừng lại được nữa...!
SCENE_BUTLER_MISSIONARY_READY_01,I-I'm embarrassed... Is it normal to get this wet...?,好、好害羞……竟然会湿成这样吗……？,は、恥ずかしいです…こんなに濡れてしまうものなのでしょうか…？,"부, 부끄러워요.. 원래 이렇게 젖는 건가요..?",好、好害羞……竟然會濕成這樣嗎……？,緊張,T-tôi xấu hổ quá... không biết cơ thể lại có thể ướt sũng đến mức này sao...?
SCENE_BUTLER_MISSIONARY_READY_02,"You really... are going to do it, yes? You're going to put your cock... inside?",您真的……要做……对吧？要把那根……放进来对吧？,本当に、なさるの……ですよね？おちんちん……入れるんですよね？,정말 하는.. 거죠? 자지.. 넣는 거죠?,您真的……要做……對吧？要把那根……放進來對吧？,緊張,Ngài định làm... thật sao? Định đút... con cặc vào đúng không ạ?
SCENE_BUTLER_MISSIONARY_READY_03,Please... I humbly place myself in your care... uuh...,还、还请您……多多关照……呜呜……,なにとぞ…よ、よろしくお願いいたします…うぅ…,"아무쪼록.. 자, 잘 부탁 드립니다.. 흐으..",還、還請您……多多關照……嗚嗚……,緊張,Trăm sự... x-xin ngài chiếu cố cho kẻ hèn này... ư...
SCENE_MAI_FELLATIO_AFTER_01,Pwah...! You came way more than I thought you would...,噗哈……！你比我想的还会射耶……,ぷはっ…！思ったよりいっぱい出したじゃん…,푸하..! 생각보다 많이 쌋잖아..,噗哈……！你比我想的還會射耶……,びっくり,Phà...! Cậu bắn ra nhiều hơn tớ tưởng đấy chứ...
SCENE_MAI_FELLATIO_AFTER_02,"Hehe... well, not bad. Felt good?",嘿嘿……嗯，还不坏。舒服吗？,へへ…ま、悪くなかったね。気持ちよかった？,"헤헤.. 뭐, 나쁘지 않았네. 기분 좋았어?",嘿嘿……嗯，還不壞。舒服嗎？,笑顔,Hê hê... cũng không tệ lắm. Cậu có sướng không?
SCENE_MAI_FELLATIO_AFTER_03,"We've still got time, so wanna do more?",还有时间，要不要再多做一点？,まだ時間あるし、もっとする？,"아직 시간 남았으니까, 좀 더 할래?",還有時間，要不要再多做一點？,笑顔,"Vẫn còn thời gian mà, làm tiếp không?"
SCENE_MAI_AHEN_10,Ngh...!,嗯呃……！,んぐっ…！,으긋..!,嗯呃……！,喘ぎ,Ực...!
SCENE_PAZUZU_TENTACLE_RAPE_AFTER_03,Auh... my tummy... so full...,啊呜……肚子里……被填满了……,あぅ…お腹の中…いっぱいです…,앙.. 배 안이.. 가득해요..,啊嗚……肚子裡……被填滿了……,緊張+余韻,Ư... trong bụng đầy ứ rồi...
SCENE_PAZUZU_TENTACLE_RAPE_AFTER_02,Uuh... t-this much... hah...,呜呜……这、这点程度……哈啊……,うぅっ…こ…この程度で…はぁ…,으읏.. 겨우 이 정도로.. 하아..,嗚嗚……這、這點程度……哈啊……,緊張+余韻,Ư... c-chỉ thế này thôi sao... hà...
SCENE_PAZUZU_TENTACLE_RAPE_AFTER_01,Hah... hah... ah... ahaa...,哈啊……哈啊……啊……啊哈啊……,はぁ…はぁ…あっ…ぁはぁ…,하아.. 하아.. 아.. 엉망진창..,哈啊……哈啊……啊……啊哈啊……,緊張+余韻,Hà... hà... a... a...
SCENE_MAI_DOGGY_DOOR_PLAYING_04,Because I can't see anything... I feel your cock so much more...!,因为什么都看不到……反而更能感觉到你的肉棒了……！,なにも見えないせいで…あんたのちんぽ、すっごい感じるじゃん…！,아무것도 안 보여서.. 네 자지가 더 잘 느껴지잖아..!,因為什麼都看不到……反而更能感覺到你的肉棒了……！,びっくり,Vì không nhìn thấy gì... nên tớ lại càng cảm nhận rõ con cặc của cậu hơn đấy...!
SCENE_MAI_DOGGY_DOOR_PLAYING_03,Auh...! It's pounding through my whole body...!,啊呜……！整个身体都被震得好厉害……！,あうっ…！ 体中、ガンガン響いてるぅ…っ！,하읏..! 온 몸이 쿵쿵 울리고 있어..!,啊嗚……！整個身體都被震得好厲害……！,びっくり,Á...! Toàn thân em cứ rung lên bần bật ấy...!
SCENE_KONIAL_DEEPTHROAT_AFTER_01,Pwah...! Cough... hah... hah...!,噗哈……！咳……哈啊……哈啊……！,ぷはっ…！げほっ…はぁ…はぁ…！,푸하..! 케헥.. 하아.. 하아..,噗哈……！咳……哈啊……哈啊……！,口内射精,Khạc...! *Khụ khụ*... hà... hà...!
SCENE_MAI_DOGGY_DOOR_PLAYING_02,It doesn't hurt...! Thrust harder into me...!,又不会痛……！再更激烈地插我啊……！,痛くないから…！もっと、激しく突いてよぉ…っ…！,아프지 않으니까..! 더 빠르게 박아줘..읏!,又不會痛……！再更激烈地插我啊……！,びっくり,Không đau đâu mà...! Cậu đâm mạnh hơn nữa đi mà...!
SCENE_MAI_AHEN_FELLATIO_4,Gulp...,吞……,ごくん…,꿀꺽..,吞……,フェラ,Nuốt...
SCENE_MAI_DOGGY_DOOR_PLAYING_01,Aahn...! Too rough...! Auh...!,啊啊……！太激烈了啦……！啊呜……！,ああん…！激しすぎだってぇ…！あうっ…！,아앙..! 너무 격렬하잖아..! 아응!,啊啊……！太激烈了啦……！啊嗚……！,びっくり,A...! Cậu làm mạnh quá rồi đấy...! Á...!
SCENE_KONIAL_DEEPTHROAT_AFTER_03,Ugh... my mouth is full... of the smell of semen...!,呜呃……嘴里全是……精液的味道……！,ぅえ…口の中いっぱい…精液の…匂いが…！,으엑.. 입 안 가득.. 정액이.. 냄새가..,嗚呃……嘴裡全是……精液的味道……！,口内射精,Oẹ... trong miệng toàn... mùi tinh dịch khó chịu...!
SCENE_PAZUZU_AHEN_FELLATIO_5,...Lick...,……舔……,…ぺろ…,..할짝..,……舔……,フェラ舐め,...Liếm...
SCENE_KONIAL_DEEPTHROAT_AFTER_02,S-such insolence... cough...! cough!,竟、竟敢如此放肆……咳……！咳咳！,な…生意気な真似を…けふっ…！ごほっ！,이.. 건방진 녀석이.. 케흑..! 쿨럭!,竟、竟敢如此放肆……咳……！咳咳！,口内射精,N-ngươi dám vô lễ thế sao... *khụ*...! *khụ khụ*!
SCENE_KONIAL_AHEN_KISS_1,Nnmm...,嗯唔……,んむ…,우음..,嗯唔……,フェラ,Ưm...
SCENE_PAZUZU_AHEN_FELLATIO_2,Nnmm... ngh...,嗯唔……嗯呃……,んむ…んぐぅ…,우물.. 우물..,嗯唔……嗯呃……,フェラ,Ưm... ực...
SCENE_PAZUZU_AHEN_FELLATIO_3,Ngh...!,嗯呃……！,んぐっ…！,우웁..!,嗯呃……！,フェラ,Ực...!
SCENE_PAZUZU_COWGIRL_READY_02,Uhi... hah... hii...,呜嘻……哈呼……咿……,うひっ…はふっ…ひぃ…,으히.. 하흣.. 헤에..,嗚嘻……哈呼……咿……,不敵な笑み,Hư... ư... ha...
SCENE_REINA_DOGGY_CUM_02,"I-if you do it that hard, I'll... Aah!",您、您这样激烈的话，我……啊啊！,そ、そんな…激しくされたら、私……ああっ！,더.. 더 격렬하게 하면 저는.. 아앗!,您、您這樣激烈的話，我……啊啊！,絶頂,N-nếu anh... làm mạnh thế... em...... á!
SCENE_PAZUZU_COWGIRL_READY_03,So this is... a human cock...,这就是……人类的阴茎……,これが、人間のおちんちん…,이게 인간의 자지..,這就是……人類的陰莖……,軽い驚き,Thì ra đây là con cặc của loài người...
SCENE_REINA_DOGGY_CUM_01,I-I'm coming...! You're hitting my womb...! Aah...!,我、我要去了……！顶到子宫了……！啊啊……！,い、いっちゃいます…！子宮に…当たってますぅ…！ああん…っ！,가.. 가버려요..! 자궁에.. 닿고 있어요..! 아앙!,我、我要去了……！頂到子宮了……！啊啊……！,絶頂,E-em ra mất thôi...! Chạm vào tận tử cung rồi...! A...!
SCENE_KONIAL_DEEPTHROAT_CUM_01,Uph...! Ngh... mgh...?!,唔噗……！嗯呃……嗯咕……？ ！,うぷっ…！んぐ…むぐぅ…？！,우웁! 으으읍..?!,唔噗……！嗯呃……嗯咕……？！,精液を含んだ口,Ực...! Ưm... ực...?!
SCENE_PAZUZU_COWGIRL_READY_01,Your cock is getting hot... do you want to put it in right now...?,你的那根变烫了呢……已经想立刻放进来了吗……？,おちんちん、熱くなってますよ…今すぐにでも入れたいんですか…？,자지 뜨거워요.. 당장이라도 넣고 싶나요..?,你的那根變燙了呢……已經想立刻放進來了嗎……？,期待に満ちた,Con cặc của ngươi nóng hổi lên rồi này... Muốn đút vào trong ngay lập tức rồi sao...?
SCENE_KONIAL_DEEPTHROAT_CUM_02,W-wait... cough?!,等、等一下……咳？ ！,ちょ……ちょっと……？けほっ？！,자.. 잠깐..? 케엑?!,等、等一下……咳？！,精液を含んだ口,K-khoan...... chờ đã...? *khụ*?!
SCENE_REINA_SYUYU_PLAYING_01,Aah...! I-it feels strange... being sucked so much...,啊啊……！感、感觉好奇怪……被您吸得这么用力……,ああんっ…！へ、変な感じです…たくさん吸われて…,아앙.. 이.. 이상한 기분이에요.. 잔뜩 빨려서..,啊啊……！感、感覺好奇怪……被您吸得這麼用力……,照れてる,A...! C-cảm giác lạ quá... anh cứ bú liên tục thế...
SCENE_REINA_SYUYU_PLAYING_03,Hah... hah... good... I'll rub against your cock more...,哈啊……哈啊……很好……我会再多磨蹭您的阴茎……,はぁ…はぁ…いいですね…おちんちん、もっと擦りつけてあげますね…,"하아.. 하아.. 좋아요.. 자지, 더 문질러 드릴게요..",哈啊……哈啊……很好……我會再多磨蹭您的陰莖……,照れてる,Hà... hà... sướng quá... để em chà xát nó nhiều hơn cho anh nhé...
SCENE_REINA_SYUYU_PLAYING_02,Nn... please drink... as much as you like...,嗯……请喝很多……好吗……,んぅ…いっぱい、飲んでくださいね…,으응.. 잔뜩 마셔주세요..,嗯……請喝很多……好嗎……,照れてる,Ưm... anh hãy uống thật nhiều vào nhé...
SCENE_REINA_SYUYU_PLAYING_04,More... suck harder... drink it all...,再……请更用力吸……全部……都喝掉……,もっと…もっと強く吸ってください…全部…飲んでください…,더.. 더 깊이 빨아주세요.. 전부.. 마셔 주세요..,再……請更用力吸……全部……都喝掉……,照れてる,Nữa đi... anh hãy bú mạnh hơn nữa đi... hãy uống sạch hết đi anh...
SCENE_KONIAL_COWGIRL_CUM_02,You may come inside...! It's not as if I can get pregnant...!,可以射在里面喔……！反正……又不会怀孕……！,中に出してもいいぞ……！妊娠なんて……しないんだからな…っ！,안에 싸도 돼..! 임신따위.. 안 하니까~!,可以射在裡面喔……！反正……又不會懷孕……！,からかう,Bắn vào trong luôn cũng được......! Ta không thể... có thai được đâu...!
SCENE_KONIAL_COWGIRL_CUM_01,Already about to come...? Your cock is pulsing.,已经快射了吗……？你的肉棒在跳动了呢。,もうイきそうなのか…？ちんぽが脈打ってるじゃないか。,벌써 가버릴 거 같아~? 자지가 울컥거리잖아.,已經快射了嗎……？你的肉棒在跳動了呢。,からかう,Đã sắp ra rồi sao...? Ta thấy nó đang giật giật rồi kìa.
SCENE_REINA_MISSIONARY_ONSEN_PLAYING_04,A-aah...! It feels good...! Stir me up harder with your hot cock...!,啊、啊啊……！好舒服……！请用您烫热的肉棒……更激烈地搅弄我……！,あ…ああんっ…！気持ちいいです…！もっと、熱いおちんちんで…激しく…かき回してください…っ！,아.. 아앙..! 좋아요.. 뜨거운 자지로.. 마구 휘저어주세요..!,啊、啊啊……！好舒服……！請用您燙熱的肉棒……更激烈地攪弄我……！,びっくり,A... á...! Sướng quá đi mất...! Hãy dùng con cặc nóng bỏng của anh... ra sức... khuấy đảo bên trong em đi...!
SCENE_REINA_MISSIONARY_ONSEN_PLAYING_02,Hah... more... thrust even deeper...!,哈呜……再……请插得更深一点……！,はうっ…もっと…もっと奥まで突いてください…っ…！,하읏.. 더.. 더 깊숙이 찔러주세요..!,哈嗚……再……請插得更深一點……！,照れてる,Ưm... đâm sâu nữa đi... đâm chạm đáy đi anh...!
SCENE_REINA_MISSIONARY_ONSEN_PLAYING_03,That hard thing... is reaching my deepest part... fuaah...!,硬硬的……顶到最里面了……呼啊啊……！,硬いのが…一番奥まで届いてますぅ…ふぁあっ…！,단단한 게.. 끝까지 닿고 있어요.. 흐읏!,硬硬的……頂到最裡面了……呼啊啊……！,照れてる,Cái cứng ngắc của anh... đã chạm đến tận cùng sâu thẳm của em rồi... a...!
SCENE_REINA_MISSIONARY_ONSEN_PLAYING_01,...Aaah...! Deep inside... it's so hot... I feel like I'm melting...,……啊啊……！里面……好热……好像要融化了……,…あぁんっ…！奥が…熱くて…溶けちゃいそうです…,아앙..! 안쪽이.. 뜨거워서.. 녹아버릴 거 같아요..,……啊啊……！裡面……好熱……好像要融化了……,びっくり,...A... á...! Sâu bên trong... nóng quá... em cảm thấy như mình sắp tan chảy ra mất...
SCENE_MAI_SUMATA_AFTER_01,Hah... hah... wow...,哈啊……哈啊……好猛……,はぁ…はぁ…すっご…,하아.. 하아.. 엄청나네..,哈啊……哈啊……好猛……,びっくり,Hà... hà... đỉnh quá...
SCENE_MAI_PAIZURI_READY_03,Even the tip's hidden now. Hehe.,连龟头都藏起来了。嘿嘿。,亀頭まで全部隠れちゃった。へへっ。,귀두까지 전부 숨어 버렸어. 헤헤.,連龜頭都藏起來了。嘿嘿。,遊び心,Lút cả đầu khấc luôn rồi kìa. Hê hê.
SCENE_MAI_PAIZURI_READY_02,Your cock... it's all buried between them. So hot...,你的肉棒……整根都埋进去了。好烫……,あんたのちんぽ…全部入っちゃった。すっごい熱い…,네 자지.. 전부 들어왔어. 엄청 뜨거워..,你的肉棒……整根都埋進去了。好燙……,照れてる,Con cặc của cậu... kẹp trọn hết vào rồi. Nóng quá đi...
SCENE_MAI_SUMATA_AFTER_03,"I'm all sticky with your cum... seriously, like a crazy amount...",都被你的精液弄得黏答答的……量也太多了吧……,あんたの精液でベトベトじゃん…マジですごい量…,네 정액으로 끈적끈적해.. 정말 많이 나왔네.,都被你的精液弄得黏答答的……量也太多了吧……,びっくり,Dính đầy tinh dịch của cậu luôn rồi này... lượng tinh khủng khiếp thật đấy...
SCENE_MAI_PAIZURI_READY_01,Hehe... want me to squeeze you harder?,嘿嘿……要我夹得更用力吗？,へへ…もっと強く挟んであげよっか？,헤헤.. 더 세게 끼워 줄까?,嘿嘿……要我夾得更用力嗎？,笑顔,Hê hê... tớ kẹp mạnh hơn nữa cho cậu nhé?
SCENE_REINA_DOGGY_WINDOW_AFTER_03,...Something like this... isn't bad once in a while...,……偶尔这样……也不坏呢……,…たまには、こういうのも…悪くないですね…,..가끔은 이런 것도.. 나쁘지 않네요..,……偶爾這樣……也不壞呢……,笑顔,...Thỉnh thoảng làm thế này... cũng không tệ đâu anh nhỉ...
SCENE_MAI_SUMATA_AFTER_02,Hehe... how was it? Were my thighs that good?,嘿嘿……怎样？我的大腿有那么爽吗？,へへ…どーだった？あたしの太もも…そんなに良かった？,헤헤.. 어땠어? 내 허벅지.. 그렇게 좋았어?,嘿嘿……怎樣？我的大腿有那麼爽嗎？,笑顔,Hê hê... sao nào? Đùi của tớ... làm cậu sướng đến thế cơ à?
SCENE_REINA_DOGGY_WINDOW_AFTER_02,...Hah... h-how was it? ...Hoo... Did you like it...?,……哈啊……您、您觉得如何呢？ ……呼……喜欢吗……？,…はぁ…い、いかがでしたか？…ふぅ…気に入っていただけましたか…？,..어떠셨나요? ..흐읏. ..마음에 드셨나요?,……哈啊……您、您覺得如何呢？……呼……喜歡嗎……？,余韻,...Hà... a-anh thấy thế nào ạ? ...Phù... anh có thích không...?
SCENE_MAI_DOGGY_BUNNY_PLAYING_04,More... harder...! Do me... until I'm a mess...!,再来……更激烈一点……！把我……弄得乱七八糟……！,もっと…もっと激しくぅ…！…してよ…めちゃくちゃにぃ…っ！,더.. 더 거칠게.. 해줘.. 엉망진창으로.. 옷!,再來……更激烈一點……！把我……弄得亂七八糟……！,照れてる,Nữa đi... mãnh liệt hơn nữa đi...! Làm tớ... điên đảo luôn đi...!
SCENE_KONIAL_PRESS_AFTER_01,Oooh... oh... oho... uuuuh...!,喔喔……喔……喔呵……呜呜……！,おおぉぉ…おっ…おほっ…うぅぅっ…っ！,으고옷.. 오홋.. 으으읏..,喔喔……喔……喔呵……嗚嗚……！,精神/心+おほ声 (壊れた喘ぎ声),Ôi... ôi... ư... ưm...!
SCENE_REINA_DOGGY_WINDOW_AFTER_01,Hah... hah... amazing... my legs... They're shaking...,哈啊……哈啊……好厉害……我的脚……在发抖……,はぁ…はぁ…すごかったです…脚が…震えて…,하아.. 하아.. 대단해요.. 다리가.. 떨려요..,哈啊……哈啊……好厲害……我的腳……在發抖……,余韻,Hà... hà... đỉnh quá anh ơi... chân em... đang run bần bật rồi này...
SCENE_REINA_MISSIONARY_ONSEN_READY_03,In this position... it goes even deeper than usual...,这个姿势的话……会比平常……进得更深呢……,この体勢なら…いつもよりもっと…奥まで入ってきますね…,이 자세라면.. 더 깊이까지 들어올 거에요..,這個姿勢的話……會比平常……進得更深呢……,期待 / 予感,Tư thế này... sẽ đút được sâu vào tận bên trong... hơn mọi khi đấy anh...
SCENE_KONIAL_PRESS_AFTER_02,Ugh... it feels... good...!,呜呃……好……舒服……！,うぐっ…き、気持ち…いいぃ…！,으긋.. 기.. 기분 조하아..,嗚呃……好……舒服……！,精神/心+おほ声 (壊れた喘ぎ声),Ực... s-sướng... sướng quá...!
SCENE_REINA_MISSIONARY_ONSEN_READY_02,Yes... put it... inside me...,嗯……请放进……我里面……,はい…私を…あなたで…いっぱいにしてください…,네.. 제 안에.. 가득 넣어주세요..,嗯……請放進……我裡面……,期待 / 予感,Vâng... anh hãy... lấp đầy em... bằng của anh đi...
SCENE_KONIAL_PRESS_AFTER_03,Hoo... fgh... my womb is full... uuh...,呼……唔咕……子宫被填满了……呜呜……,ふぅっ…ふぐぅ…子宮、いっぱいに…ぅうっ…,흐읏.. 자궁 안에 가득해엣.. 으읏..,呼……唔咕……子宮被填滿了……嗚嗚……,精神/心+おほ声 (壊れた喘ぎ声),"Phù... ực... tử cung ta, bị lấp đầy rồi... ư..."
SCENE_REINA_MISSIONARY_ONSEN_READY_01,Hah... your cock... is already this hot...,哈啊……您的阴茎……已经这么烫了……,はぁ…あなたのおちんちん…もうこんなに熱くなって…,하아.. 당신의 자지.. 벌써 이렇게 뜨거워요..,哈啊……您的陰莖……已經這麼燙了……,期待 / 予感,Hà... con cặc của anh... mới thế đã nóng rực lên rồi...
SCENE_MAI_DOGGY_BUNNY_PLAYING_01,Haaahn...! Nnnh! Thrust into me... harder...!,哈啊啊……！嗯啊！更激烈地……插我……！,はぁあんっ…！んぁっ！激しく…突いてぇ…！,아앙! 앙! 격렬하게.. 박아줘..!,哈啊啊……！嗯啊！更激烈地……插我……！,びっくり,A... ưm! Đâm mạnh... mạnh nữa đi cậu...!
SCENE_KONIAL_ONAHLE_AFTER_02,"Well? Kon-chan made you feel incredible, didn't she?",怎样？小柯让你爽到不行了吧？,どうだった？コンちゃんは、最高に気持ちよかっただろう？,"어땠어? 콘짱, 기분 최고였지?",怎樣？小柯讓你爽到不行了吧？,からかう,Thế nào? Bé Kon làm ngươi sướng đến phát điên đúng không?
SCENE_KONIAL_AHEN_FELLATIO_5,Mmm...,啾……,ちゅっ…,쪼옥..,啾……,フェラキス,Chụt...
SCENE_KONIAL_ONAHLE_AFTER_03,Don't tell me you've already had your fill...,你该不会说这点程度就满足了吧……？,この程度で満足したなんて、言うんじゃないだろうな…？,이 정도로 만족하는 거 아니지?,你該不會說這點程度就滿足了吧……？,からかう,Ngươi đừng bảo là mới cỡ này đã thỏa mãn rồi đấy nhé...?
SCENE_PAZUZU_AHEN_FELLATIO_4,Gulp...,吞……,ごくん…,꿀꺽..,吞……,フェラ,Nuốt...
SCENE_MAI_DOGGY_BUNNY_PLAYING_03,Isn't it... bigger than usual...? Ahuh...!,是不是……比平常还大……？啊呼……！,いつもより…大きくなってんじゃん…？あふっ…！,평소보다 더 커졌잖아..? 아흣!,是不是……比平常還大……？啊呼……！,照れてる,Có vẻ nó... to hơn bình thường thì phải...? Á...!
SCENE_KONIAL_AHEN_FELLATIO_3,Uph...!,唔噗……！,ぅぷっ…！,우웁..!,唔噗……！,フェラ,Ực...!
SCENE_MAI_DOGGY_BUNNY_PLAYING_02,Hah! My womb... deep in my womb... hit it! More...!,哈呜！子宫……子宫深处……顶进来……！好多……！,はうっ！ 子宮…子宮の奥…突いてぇ…！いっぱいぃ…！,하읏! 자궁.. 자궁 찔러서..! 잔뜩..!,哈嗚！子宮……子宮深處……頂進來……！好多……！,びっくり,Ưm! Đâm vào... đâm sâu tận tử cung của tớ đi...! Thật nhiều vào...!
SCENE_KONIAL_ONAHLE_AFTER_01,"Kihihi... it's brimming with semen, spilling right over.",嘻嘻嘻……里面被精液填满，都溢出来了。,きひひっ……ザーメンでいっぱいになったな。溢れてくるぞ。,키히히.. 정액으로 가득해서 넘쳐버렸네.,嘻嘻嘻……裡面被精液填滿，都溢出來了。,どや顔,Kê hê hê... Bắt đầu tràn ngập tinh dịch rồi đấy. Tràn hết ra ngoài kìa.
SCENE_KONIAL_AHEN_FELLATIO_2,Mgh... kiss...,嗯咕……啾……,むぐ…ちゅっ…,우물.. 츄..,嗯咕……啾……,フェラ,Ưm... chụt...
SCENE_MAI_COWGIRL_SWIMSUIT_AFTER_03,"Don't you get tired...? Aha... seriously, you're amazing...",你都不会累吗……？啊哈……真的超厉害耶……,疲れたりしないの…？あは…っ…ほんとスゴいんだけど…,지치지도 않는 거야..? 정말 대단하네..,你都不會累嗎……？啊哈……真的超厲害耶……,余韻+笑顔,Cậu không biết mệt là gì hả...? A ha... thực sự quá đỉnh luôn ấy...
SCENE_REINA_AHEN_FELLATIO_5,Slurp...,啾噜……,ちゅる…,츄릅..,啾嚕……,フェラ,Liếm...
SCENE_MAI_COWGIRL_SWIMSUIT_AFTER_02,Seriously... when did you get this good...?,不是吧……你什么时候变得这么会做了……？,マジで…いつの間にこんな上手くなったわけ…？,정말.. 어느 새 이렇게 잘 하게 된 거야..,不是吧……你什麼時候變得這麼會做了……？,余韻,Nói thật đấy... cậu học lỏm ở đâu mà làm điêu luyện thế từ lúc nào vậy...?
SCENE_MAI_COWGIRL_SWIMSUIT_AFTER_01,"Hah... hah... you came even more than usual, didn't you...?",哈啊……哈啊……你射得比平常还多吧……？,はぁ…はぁ…いつもより、いっぱい出したじゃん…？,하아.. 하아.. 평소보다 많이 쌌잖아..,哈啊……哈啊……你射得比平常還多吧……？,余韻,Hà... hà... cậu bắn ra nhiều hơn mọi khi đấy chứ nhỉ...?
SCENE_MAI_COWGIRL_SWIMSUIT_READY_02,Don't tease me... I'm already this wet...,不要吊我胃口啦……我都湿成这样了……,焦らさないでよぉ…あたし、こんなに濡れてんのに……,애태우지 말고.. 응? 난 이렇게 젖어 있다고..,不要吊我胃口啦……我都濕成這樣了……,期待 / 予感,Đừng trêu tớ nữa mà... tớ đã ướt sũng thế này rồi......
SCENE_MAI_COWGIRL_SWIMSUIT_READY_03,Put that hard cock of yours... all the way in at once...,把你那根……硬梆梆的肉棒……一口气放进来……,あんたの…硬いちんぽ…一気に入れて…,네 단단한 자지.. 단숨에 넣어 줘..,把你那根……硬梆梆的肉棒……一口氣放進來……,照れてる,Hãy đút... con cặc cứng ngắc của cậu... vào hết một lượt đi...
SCENE_MAI_COWGIRL_SWIMSUIT_READY_01,Your cock's been pressing against my ass this whole time...,你的鸡鸡一直顶着我的屁股耶……,あんたのちんぽ、お尻にずっと当たってるし……,"네 자지, 엉덩이에 계속 닿고 있어..",你的雞雞一直頂著我的屁股耶……,照れてる,Con cặc của cậu cứ cạ vào mông tớ suốt nãy giờ kìa......
SCENE_MAI_COWGIRL_SWIMSUIT_CUM_02,Naaah...! Your semen... I'll take every last drop...!,嗯啊啊……！你的精液……我全部都收下……！,んあぁっ…！あんたの精液…全部…もらってあげるぅ…っ！,으응! 네 정액.. 전부.. 받아줄게..!,嗯啊啊……！你的精液……我全部都收下……！,絶頂,Á...! Tinh dịch của cậu... tớ sẽ... nhận hết toàn bộ...!
SCENE_MAI_DOGGY_BUNNY_AFTER_01,Hah... hah... your semen... is dripping out...,哈啊……哈啊……你的精液……流出来了……,はぁ…はぁ…あんたの精液が…垂れてくる…,하아.. 하아.. 네 정액이.. 흘러내려..,哈啊……哈啊……你的精液……流出來了……,余韻,Hà... hà... tinh dịch của cậu... đang chảy ròng ròng ra ngoài rồi...
SCENE_MAI_COWGIRL_SWIMSUIT_CUM_01,As many times as you want...! Empty your balls completely...!,射几次都可以啦……！把你的蛋蛋射到空为止……！,何回でもいーからさ……！キンタマ…空っぽになるまで出しちゃってよ…！,몇 번이고 좋으니까..! 불알 텅 빌 때 까지 싸 줘!,射幾次都可以啦……！把你的蛋蛋射到空為止……！,絶頂,Bao nhiêu lần cũng được tất......! Cứ bắn cho tới khi hai hòn dái sạch trơn luôn đi...!
SCENE_MAI_DOGGY_BUNNY_AFTER_03,...That felt good... Think I can make your cock hard again...?,……好舒服……我能不能让你的鸡鸡……再硬起来呢……？,…気持ちよかった…またちんぽ、カチカチにできるかなぁ…？,..기분 좋아.. 또 자지 단단하게 할 수 있을까..?,……好舒服……我能不能讓你的雞雞……再硬起來呢……？,余韻,...Sướng quá đi... Không biết tớ có làm nó cứng ngắc lại lần nữa được không ta...?
SCENE_MAI_DOGGY_BUNNY_AFTER_02,Hehe... so? How was it? ...Do you like this outfit?,嘿嘿……怎样？这套衣服……喜欢吗？,へへっ……どうだった？…この衣装……気に入った？,헤헤.. 어땠어? 이 의상.. 마음에 들었어?,嘿嘿……怎樣？這套衣服……喜歡嗎？,余韻,Hê hê...... sao nào? Bộ trang phục này...... cậu có thích không?
SCENE_REINA_COWGIRL_PLAYING_01,Auh...! Ugh! ...Nn...,啊呜……！呜呃！ ……嗯……,あぅっ…！うぐっ！…んぅ…,아읏..! 으긋! ..응..,啊嗚……！嗚呃！……嗯……,(子犬のように)驚き,Á...! Ư...! Ưm...
SCENE_REINA_COWGIRL_CUM_01,Ah...! Auh...!,啊……！啊呜……！,あ…！あうっ…！,아..! 아읏!!,啊……！啊嗚……！,絶頂,A...! Á...!
SCENE_REINA_COWGIRL_PLAYING_03,Nnuh...! ...Ahn...!,嗯呜……！ ……啊嗯……！,んうっ…！…あんっ…！,으흣..! 큿..!,嗯嗚……！……啊嗯……！,(子犬のように)驚き,Ưm...! A...!
SCENE_REINA_COWGIRL_CUM_02,Nn...! Hoo... ngh...!,嗯……！呼……嗯……！,んぅ…！ふぅ…っ…！,으응..! 흣..!,嗯……！呼……嗯……！,絶頂,Ưm...! Phù...!
SCENE_REINA_COWGIRL_PLAYING_02,...Hah... hoo... ah...,……哈啊……呼……啊……,っ…はぁっ…くぅん…あっ…,읏.. 하앗.. 끄응.. 앗..,……哈啊……呼……啊……,(子犬のように),Ư... hà... ưm... á...
SCENE_REINA_COWGIRL_PLAYING_04,Nn... hah... haaah... uuh...!,嗯……哈啊……哈啊啊……呜呜……！,んぅ…はぁっ…はぁあ…うぅっ！,응.. 헤엑.. 하아아.. 으읏!,嗯……哈啊……哈啊啊……嗚嗚……！,(子犬のように),Ưm... hà... hà... ư...!
SCENE_BUTLER_HJ_FELLATIO_CUM_01,Ah...! A-are you going to ejaculate? ...Y-yes!,啊……！您、您要射精了吗？ ……是、是的！,あっ…！しゃ、射精なさるのですか？…は…はいっ！,아..! 사.. 사정 하시려는 겁니까? 네.. 네엣!,啊……！您、您要射精了嗎？……是、是的！,びっくり+絶頂,A...! N-ngài sắp xuất tinh sao ạ? ...V-vâng!
SCENE_BUTLER_HJ_FELLATIO_CUM_02,Yes! I-I shall take... all of it...!,是！全、全部……我都会收下的……！,はい！ぜ、全部…いただきますからっ…！,네! 저.. 전부 받아드릴 테니까..!,是！全、全部……我都會收下的……！,びっくり+絶頂,Vâng! Em... em sẽ nhận lấy... hết toàn bộ ạ...!
SCENE_REINA_DOGGY_PLAYING_04,...Nn... uuh! Hah... hah...,……嗯……呜呜！哈啊……哈啊……,…んぅ…ううっ！はぁ…はぅっ！,..으응.. 으읏! 하아.. 하읏!,……嗯……嗚嗚！哈啊……哈啊……,びっくり,...Ưm... ư...! Hà... á...!
SCENE_REINA_BREAST_TOUCH_CUM_01,Haaah... if you touch me like that...! Auh...,哈啊啊……您这样摸我的话……！啊呜……,はああっ…そんなふうに触られたら…！あうっ…,하아앗.. 그렇게 만져지면!.. 아읏..,哈啊啊……您這樣摸我的話……！啊嗚……,びっくり,Hà... bị chạm vào kiểu đó thì...! Á...
SCENE_REINA_BREAST_TOUCH_CUM_02,Nn...! Ah... uuh... hah...,嗯……！啊……呜呜……哈啊……,んっ…！あ…ううっ…はぅっ…,응..! 아.. 으읏.. 하읏..,嗯……！啊……嗚嗚……哈啊……,絶頂,Ưm...! A... ư... á...
SCENE_REINA_DOGGY_PLAYING_02,Hah... hah... you can go even deeper... it's okay...,哈啊……哈啊……再深入一点……也可以……,はぁ…はぁ…もっと深くても、いいですから…,하아.. 하아.. 좀더 깊어도 좋으니까..,哈啊……哈啊……再深入一點……也可以……,びっくり,Hà... hà... đâm sâu hơn nữa cũng được mà anh...
SCENE_REINA_DOGGY_PLAYING_03,Aah...! Ah... hah...,啊啊……！啊……哈啊……,ああん…！あ…はぅっ…,아앙..! 아.. 하읏..,啊啊……！啊……哈啊……,びっくり,A...! A... á...
SCENE_REINA_DOGGY_PLAYING_01,Ah...! Hah...! Nn... you're hitting... so deep...,啊……！哈啊……！嗯……顶到……里面了……,あっ…！はぅっ…！んぅ…奥…突かれてます…,아! 하읏..! 으응.. 안쪽.. 찔러주고 있어요..,啊……！哈啊……！嗯……頂到……裡面了……,びっくり,A...! Á...! Ưm... anh đang đâm... chạm đáy rồi...
SCENE_KONIAL_DEEPTHROAT_READY_01,That stimulating scent... hah... what... is this...,这股刺激的味道……哈啊……这……是什么……,刺激的な匂い…はぁ…なんだ…これは…,엄청 자극적인 냄새.. 하아.. 뭐야 이거..,這股刺激的味道……哈啊……這……是什麼……,うろたえる,Mùi hương thật kích thích... hà... cái gì... thế này...
SCENE_KONIAL_DEEPTHROAT_READY_02,Hah...? I am not aroused at all...,哈啊……？我才没有兴奋……,はぁ…？全然、興奮なんてしてないが…？,하? 전혀 흥분하고 있지 않거든?,哈啊……？我才沒有興奮……,うろたえる,Hả...? Ta hoàn toàn không hề hưng phấn chút nào hết...?
SCENE_KONIAL_DEEPTHROAT_READY_03,Move that filthy cock away already...!,快把那根肮脏的鸡鸡……拿开……！,汚いちんぽを、さっさと…ど…どけろ…っ！,더러운 자지 당장 치우지 모.. 못해?,快把那根骯髒的雞雞……拿開……！,びっくり,Mau tránh cái thứ dơ bẩn đó... r-ra chỗ khác ngay...!
SCENE_REINA_AHEN_KISS_4,...Mm-kiss...,……嗯啾……,…んちゅっ…,츄웁..,……嗯啾……,キス,...*chụt*...
SCENE_REINA_AHEN_FELLATIO_1,Lick...,舔……,ぺろっ…,할짝..,舔……,舐める,Liếm...
SCENE_MAI_ANAL_CUM_02,W-wait a second... I'm not ready... naaah...!,等、等一下……我还没心理准备……嗯啊啊……！,ちょ…ちょっと待って…心の準備がぁ…んああっ…！,자.. 잠깐.. 마음의 준비가.. 아앗..!,等、等一下……我還沒心理準備……嗯啊啊……！,絶頂,Khoan... chờ một chút... tớ chưa chuẩn bị tâm lý mà... á...!
SCENE_MAI_COWGIRL_FIRST_READY_01,Nn... are you still not ready?,嗯……你还没准备好吗？,んっ…まだ準備できてないの？,하아.. 아직 준비 안 됐어?,嗯……你還沒準備好嗎？,期待 / 予感,Ưm... cậu vẫn chưa sẵn sàng sao?
SCENE_MAI_ANAL_CUM_01,You're... coming in my butt...? Ahn...!,你要……射在屁股里……？啊嗯……！,お尻に……出すの…？ あんっ…！,엉덩이에.. 싼다고? 아앙!,你要……射在屁股裡……？啊嗯……！,絶頂,Cậu định bắn... vào lỗ hậu sao...? A...!
SCENE_REINA_AHEN_KISS_1,Nngh...,嗯唔……,んぐぅ…,우웁..,嗯唔……,キス,Ưm...
SCENE_MAI_AHEN_KISS_2,Sluuurp...,啾噜噜……,じゅるるっ…,쥬르릅..,啾嚕嚕……,よだれ,*Chùn chụt*...
SCENE_MAI_COWGIRL_FIRST_READY_03,"I'm already soaking wet, you know...?",我已经湿得一塌糊涂了耶……？,あたし…もう、ぐしょぐしょに濡れてんだけど…？,난 잔뜩 젖었단 말야.. 응?,我已經濕得一塌糊塗了耶……？,期待 / 予感,Tớ... đã ướt sũng hết cả rồi này...?
SCENE_KONIAL_AHEN_KISS_3,Mmm...,啾……,ちゅ…,츄..,啾……,キス,Chụt...
SCENE_MAI_COWGIRL_FIRST_READY_02,"It's fine if you put it in like this, right?",就这样放进来也可以吧？,このまま入れちゃってもいーよね？,이대로 넣어 버려도 되지?,就這樣放進來也可以吧？,期待 / 予感,Cứ thế cho vào luôn nhé?
SCENE_REINA_MISSIONARY_KISS_AFTER_03,...Shall we stay like this... and kiss a little longer...? ...Nn...,……就这样……再接吻一下，好吗……？ ……嗯……,…このまま…もう少しキス、しましょうか…？…んっ…,..이대로.. 좀 더 키스 할까요?.. 하아..,……就這樣……再接吻一下，好嗎……？……嗯……,照れてる,...Cứ thế này... chúng ta hôn nhau thêm một chút nữa nhé...? ...Ưm...
SCENE_REINA_MISSIONARY_KISS_AFTER_02,...I really... am so happy... mmm...,……我真的……好幸福……啾噗……,…本当に…幸せです…ちゅぷ…,..정말.. 행복해요.. 츄읍..,……我真的……好幸福……啾噗……,キス,...Em thực sự... hạnh phúc lắm... *chụt*...
SCENE_REINA_MISSIONARY_KISS_AFTER_01,Hah... hah... my tummy... feels so full...,哈啊……哈啊……肚子里……被填得好满……,はぁ…はぁ…お腹の中…いっぱいです…,하아.. 하아.. 뱃속이.. 가득해요..,哈啊……哈啊……肚子裡……被填得好滿……,余韻,Hà... hà... trong bụng em... ngập tràn rồi...
SCENE_REINA_MISSIONARY_KISS_READY_02,Like this... looking into each other's eyes... mm... kiss...,像这样……彼此对望着……嗯唔……啾……,こうして…見つめ合って…んむ…ちゅ…,이렇게.. 마주보고.. 우음.. 츄..,像這樣……彼此對望著……嗯唔……啾……,照れてる+キス,Cứ thế này... nhìn vào mắt nhau... ưm... *chụt*...
SCENE_REINA_MISSIONARY_KISS_READY_03,Please bring your face... a little closer... hah...,请把脸……再靠近一点……哈啊……,もう少し…顔を近づけてください…はぁ…,좀..더. 얼굴 가까이 해 주세요.. 하아..,請把臉……再靠近一點……哈啊……,照れてる+キス,Kề sát khuôn mặt anh... lại gần em thêm chút nữa đi... hà...
SCENE_REINA_MISSIONARY_KISS_READY_01,Yes... kiss... I love you... nn...,嗯……啾……我爱你……嗯……,はい…ちゅっ…あなたを…愛しています…んぅ…,네.. 츄읍.. 당신을.. 사랑해요.. 으응..,嗯……啾……我愛你……嗯……,照れてる+キス,Vâng... *chụt*... em yêu anh... ưm...
SCENE_KONIAL_FULL_NELSON_PLAYING_01,Ahn...! Haaah...! Wh-what is this feeling...! Hah...!,啊嗯……！哈啊啊……！这、这种感觉……到底是……！哈呜……！,あんっ…！はぁあっ…！こ…この感じ…一体…！はうぅっ…！,아앙..! 아앗..! 이.. 이 느낌.. 뭐야..! 하읏!,啊嗯……！哈啊啊……！這、這種感覺……到底是……！哈嗚……！,びっくり,A...! Hà...! C-cảm giác này... rốt cuộc là sao chứ...! Á...!
SCENE_KONIAL_FULL_NELSON_PLAYING_02,C-could you... be a little gentler... naaah...?!,你、你就不能……温柔一点吗……嗯啊啊……？ ！,も……もっと優しくしないか…んぁあっ……？！,조.. 좀 더 상냥하게엣..?!,你、你就不能……溫柔一點嗎……嗯啊啊……？！,びっくり,Ng-ngươi không thể nhẹ nhàng hơn chút được sao... á...?!
SCENE_KONIAL_FULL_NELSON_PLAYING_03,Kihi... n-no...! It does not... feel good...! Naaah...!,嘻……不、不是……！才不是……舒服……！嗯啊啊……！,きひっ…ち、違うぞ…！気持ち…いいわけ…！んぁあっ…！,키히히.. 아니야..! 기분.. 좋을 리가..! 아앙!,嘻……不、不是……！才不是……舒服……！嗯啊啊……！,びっくり,Khi... kh-không phải đâu...! Ta làm sao có thể... sướng được chứ...! Á...!
SCENE_KONIAL_FULL_NELSON_PLAYING_04,You... remember this...! Ah... ahiuh...!,你……给我记住……！啊……啊咿呜……！,お前…覚えておけよ…！あっ…あひぅっ…！,네 녀석.. 두고 봐..! 아.. 아앙!,你……給我記住……！啊……啊咿嗚……！,びっくり,Ngươi... hãy nhớ mặt ta đấy...! A... á...!
SCENE_REINA_MISSIONARY_ONSEN_CUM_02,...Please don't stop... inside... come all inside me...!,……请不要停……里面……全部射在里面……！,…やめないでください…中に…中に全部…出してください…っ！,..멈추지 마세요.. 안에.. 안에 전부 싸주세요..!,……請不要停……裡面……全部射在裡面……！,絶頂,...Đừng dừng lại anh ơi... vào trong... hãy bắn hết vào trong em đi...!
SCENE_REINA_MISSIONARY_ONSEN_CUM_01,I-I'm coming...! Hot semen... deep in my belly... fill me...! Haaahn...!,我、我要去了……！滚烫的精液……射满我的肚子里……！哈啊啊……！,イ、イっちゃいます…！熱い精液…お腹の中に…いっぱい…！はぁぁんっ…！,가.. 가버려요..! 뜨거운 정액.. 뱃속에 가득..! 아앙!,我、我要去了……！滾燙的精液……射滿我的肚子裡……！哈啊啊……！,絶頂,E-em ra mất thôi...! Tinh dịch nóng bỏng... bắn đầy vào bụng em đi...! A...!
SCENE_MAI_FULL_DOGGY_PLAYING_01,Nnoh...! Ahn...! I-it's in... hoo...,嗯喔……！啊嗯……！进、进来了……呼……,んおっ…！あんっ…！き、来たぁ…ふぅっ…,으옷..! 아앙! 왔어어~ 흐응..,嗯喔……！啊嗯……！進、進來了……呼……,びっくり,Ư... á...! V-vào rồi... phù...
SCENE_MAI_FULL_DOGGY_PLAYING_02,Feeling you fill me up is seriously the best...! Nn! This angle's good...!,被你塞得满满的感觉真的超爽……！嗯！这个角度不错耶……！,パンパンに入ってる感じ、マジ最高…！んっ！この角度…イイじゃん…！,꽉 차는 느낌 최고야~! 흣! 이 각도 좋아..!,被你塞得滿滿的感覺真的超爽……！嗯！這個角度不錯耶……！,びっくり,"Cảm giác được lấp đầy khít khao thế này, sướng dã man...! Ưm! Góc này... tuyệt đấy chứ...!"
SCENE_MAI_FULL_DOGGY_PLAYING_03,"Nnnh! There...! Hah, aahn... ahn...!",嗯嗯！那里……！哈啊、啊啊……啊嗯……！,んんっ！そこぉっ…！はぁっ、ああん…あんっ…！,"으응! 거기잇~! 하앗, 아앙~ 앙!",嗯嗯！那裡……！哈啊、啊啊……啊嗯……！,びっくり,"Ưm! Chỗ đó đó...! Hà, á... ư...!"
SCENE_MAI_FULL_DOGGY_PLAYING_04,More cock...! Thrust into me harder...! More! Naaah...!,再来……！更用力地插我……！再来！嗯啊啊……！,ちんぽ、もっと…！もっとガンガン突いてよぉ…！もっと！んぁあっ…！,"자지, 더! 더 박아줘어! 더! 아아앗!",再來……！更用力地插我……！再來！嗯啊啊……！,びっくり,Nữa đi cậu...! Ra sức đâm mạnh bạo nữa đi...! Nữa đi! Á...!
SCENE_PAZUZU_AHEN_KISS_2,Mmm... *wet kiss*...,啾……啾噗……,ちゅ…ちゅぷ…,츄.. 릅..,啾……啾噗……,キス,Chụt... chụt...
SCENE_MAI_AHEN_FELLATIO_5,Mmm...,啾……,ちゅっ…,츄..,啾……,キス,Chụt...
SCENE_PAZUZU_AHEN_KISS_1,Mgh...!,嗯咕……！,むぐっ…！,읍..!,嗯咕……！,キス,Ưm...!
SCENE_BUTLER_AHEN_KISS_5,...Nn...,……嗯……,…ん…,..응..,……嗯……,キス,...Ưm...
SCENE_BUTLER_AHEN_8,Hah...,哈呜……,はぅ…,하으..,哈嗚……,キス,Ư...
SCENE_REINA_FELLATIO_AFTER_01,Gulp... hah... so this is... what your semen tastes like...,吞……哈啊……原来您的精液……是这种味道……,んぐっ…はぁ…あなたの精液…こんな味だったんですね…,(꿀꺽..) 하아.. 당신의 정액.. 이런 맛이었군요..,吞……哈啊……原來您的精液……是這種味道……,照れてる+飲み込んだ,Ực... hà... tinh dịch của anh... thì ra lại có vị như thế này sao...
SCENE_REINA_FELLATIO_AFTER_02,Just now... did I make a terribly lewd face...? ...I-I'm embarrassed...,刚才……我的表情是不是很色情……？ ……好、好害羞……,さっき…私…すごくいやらしい顔してましたか…？…は、恥ずかしいです…,방금.. 저.. 엄청 야한 얼굴이었나요? 부끄러워요..,剛才……我的表情是不是很色情……？……好、好害羞……,照れてる,Vừa nãy... trông mặt em... có dâm đãng lắm không anh...? ...E-em xấu hổ quá...
SCENE_REINA_FELLATIO_AFTER_03,Hehe... it feels as though I caught every last drop... I'm so happy...,呵呵……感觉好像把您的全部都接住了……我很开心……,ふふっ…あなたのもの、全部受け止めてあげられた気分です…嬉しいですね…,후훗.. 당신의 것을 남김없이 받은 기분이에요.. 기쁘네요.,呵呵……感覺好像把您的全部都接住了……我很開心……,笑顔,Hư hư... em thấy như mình đã nhận lấy hết mọi thứ của anh vậy... hạnh phúc thật đấy...
SCENE_REINA_HANDJOB_CUM_01,Ah... are you... about to cum...? Nnnh...!,啊……您是不是……快射了……？嗯嗯……！,あっ…もう…出そうですか…？んんっ…！,앗.. 곧.. 나올 거 같으세요? 하읏..!,啊……您是不是……快射了……？嗯嗯……！,びっくり,A... sắp... bắn rồi sao anh...? Ưm...!
SCENE_REINA_DOGGY_READY_03,Please move... slowly... I'm still... nervous...,请您……慢慢动……我还……有点紧张……,ゆっくり…動いてください…まだ…緊張してて…,천천히.. 움직여 주세요.. 아직은.. 놀라서..,請您……慢慢動……我還……有點緊張……,緊張,Anh hãy... chuyển động nhè nhẹ thôi nhé... em vẫn còn... căng thẳng lắm...
SCENE_REINA_DOGGY_READY_02,"It's all the way... deep inside me... ah, it's so hot...",全部都……进到最里面了……啊，好烫……,奥まで…全部入ってきました…あ、熱い…です…,안쪽까지.. 전부 들어왔어요.. 뜨거워요..,全部都……進到最裡面了……啊，好燙……,緊張,Vào sâu... tận cùng trong em rồi... nóng... nóng quá anh ơi...
SCENE_REINA_DOGGY_READY_01,"Ah... it hurts a little, but... I'm okay...",啊……有点痛……可是没关系……,あ…ちょっと痛いですけど…大丈夫です…,아.. 아프지만.. 괜찮아요..,啊……有點痛……可是沒關係……,緊張,Á... hơi đau một chút nhưng... không sao đâu ạ...
SCENE_PAZUZU_TENTACLE_RAPE_READY_02,Wh-what are you... planning to do...?,你、你打算……做什么……？,な、何を…するつもりですか…,"뭐, 뭘 하려는 건가요..",你、你打算……做什麼……？,緊張,Ng-ngươi định... làm gì ta thế hả...
SCENE_REINA_HANDJOB_CUM_02,It's okay... cover me... cover me all over... Aaah...!,没关系……请射好多……在我身上……啊啊……！,大丈夫です…いっぱい…かけてください…あぁっ…！,괜찮아요.. 잔뜩.. 뿌려주세요.. 아..!,沒關係……請射好多……在我身上……啊啊……！,絶頂,Không sao đâu anh... hãy bắn... bắn ngập người em đi... á...!
SCENE_PAZUZU_TENTACLE_RAPE_READY_03,This joke has gone too far...!,这种玩笑太过分了……！,冗談が過ぎますよ…！,장난이 지나쳐요..!,這種玩笑太過分了……！,緊張,Trò đùa này quá trớn rồi đấy...!
SCENE_PAZUZU_TENTACLE_RAPE_READY_01,S-so... something that big...,好、好……好大的东西……,す、すごく…大きいのが…,어.. 엄청나게 큰 게..,好、好……好大的東西……,緊張,C-cái thứ... to lớn thế này...
SCENE_MAI_DOGGY_DOOR_CUM_02,Ah... you want to come? Your thrusts just got crazy fast...!,啊……你想射了？你的抽插变得超快的……！,あ…出したいんだ…？ピストン、めっちゃ速くなってる…っ！,아.. 싸고 싶은 거야..? 피스톤 엄청 빨라졌..!,啊……你想射了？你的抽插變得超快的……！,絶頂,Cậu... muốn ra rồi sao...? Nhịp thúc... bắt đầu nhanh kinh khủng rồi kìa...!
SCENE_MAI_DOGGY_DOOR_CUM_01,Huh...? Nn...? A-are you coming...!?,咦……？嗯……？你、你要射了……！ ？,え…？ん…？だ…出すの…！？,어..? 응..? 싸.. 싸는 거야?!,咦……？嗯……？你、你要射了……！？,びっくり,Ủa...? Hử...? Cậu... sắp bắn rồi sao...!?
SCENE_MAI_COWGIRL_SWIMSUIT_PLAYING_04,Auh...! You keep hitting nothing but my weak spots...!,啊呜……！你怎么一直顶我敏感的地方啦……！,あうっ…！弱いとこばっか…しつこく突いてくるじゃん…！,아읏..! 약한 곳을 집요하게.. 찔러오고있어..,啊嗚……！你怎麼一直頂我敏感的地方啦……！,びっくり,Á...! Cứ nhắm vào chỗ nhạy cảm... thúc liên tục thế hả...!
SCENE_MAI_SUMATA_CUM_01,"Nn, about to come? Fine... all over my thighs...",嗯，快射了？可以啊……射满我的大腿吧……,ん、出そうなん？いーよ…あたしの太ももに…いっぱい…,"응, 쌀 거 같아? 괜찮아.. 내 허벅지에.. 잔뜩..",嗯，快射了？可以啊……射滿我的大腿吧……,笑顔,"Ưm, cậu sắp bắn rồi à? Được thôi... cứ xịt đầy... lên đùi tớ đi..."
SCENE_MAI_COWGIRL_SWIMSUIT_PLAYING_03,Hah...! It feels like you're in all the way to the base... aah...!,哈啊……！感觉连根部都进来了……啊啊……！,はぁ…！根元まで入ってきてる感じ…ああんっ…！,하아..! 뿌리 끝까지 들어오는 거 같아.. 아앙..!,哈啊……！感覺連根部都進來了……啊啊……！,びっくり,Hà...! Cảm giác đút sâu lút gốc luôn rồi... á...!
SCENE_MAI_SUMATA_CUM_02,I don't mind. Just let it all out...,我又不介意，全部射出来吧……,あたしは気にしないし、全部出しちゃって…,"난 상관 없으니까, 잔뜩 싸 버려..",我又不介意，全部射出來吧……,笑顔,"Tớ không bận tâm đâu, cứ bắn hết sạch ra đi..."
SCENE_MAI_COWGIRL_SWIMSUIT_PLAYING_02,Nn... my boobs are bouncing like crazy...,嗯……胸部晃得好厉害……,んぅ…おっぱい、めっちゃ揺れてるぅ…,으응.. 가슴 엄청 흔들리고 있어..,嗯……胸部晃得好厲害……,照れてる,Ưm... ngực tớ... nảy tưng tửng luôn này...
SCENE_MAI_COWGIRL_SWIMSUIT_PLAYING_01,Aah...! Hah...! S-so good...!,啊啊……！哈呜……！好、好爽……！,ああん…！はうっ…！い、いぃっ…！,아앙..! 하읏! 좋아..! 츄릅..,啊啊……！哈嗚……！好、好爽……！,びっくり,A...! Á...! S-sướng...!
SCENE_MAI_AHEN_1,Aaahn...!,啊啊……！,あぁんっ…！,아앙..!,啊啊……！,喘ぎ,Á...!
SCENE_PAZUZU_COWGIRL_CUM_02,You've been holding quite a lot... Fill my womb completely...,你似乎积了不少呢……请把我的子宫……填得满满的……,随分溜まってますね…？…子宮、いっぱいに満たしてください……,잔뜩 모았죠..? 자궁 가득 채워야 해요..,你似乎積了不少呢……請把我的子宮……填得滿滿的……,絶頂,Ngươi tích trữ nhiều thế cơ à...? ...Hãy lấp đầy tử cung của ta đi......
SCENE_MAI_AHEN_3,...Huh...!,……呼……！,…ふっ…！,..흣..!,……呼……！,喘ぎ,...Hộc...!
SCENE_MAI_AHEN_2,Hah...!,哈呜……！,はうっ…！,하읏..!,哈嗚……！,喘ぎ,Ưm...!
SCENE_MAI_AHEN_5,Nnn...,嗯嗯……,んんっ…,흐응..,嗯嗯……,喘ぎ,Ưm...
SCENE_PAZUZU_COWGIRL_CUM_01,Ugh...! Are you about to ejaculate...? ...Hin...!,呜……！你快射精了吗……？ ……咿嗯……！,うっ…！射精しそうですか…？…ひんっ…！,웃..! 사정할 거 같나요..? ..으힛..!,嗚……！你快射精了嗎……？……咿嗯……！,絶頂,Ư...! Ngươi sắp bắn rồi sao...? ...Ưm...!
SCENE_BUTLER_AHEN_3,Ah...!,啊……！,あっ…！,아..!,啊……！,喘ぎ,Á...!
SCENE_MAI_AHEN_7,Hyah...!,呀啊……！,ひゃあっ…！,흐앗..!,呀啊……！,喘ぎ,Á...!
SCENE_MAI_AHEN_6,Ugh...!,呜……！,うっ…！,읏..!,嗚……！,喘ぎ,Ư...!
SCENE_MAI_AHEN_9,Ooh...!,喔喔……！,おぉっ…！,오옷..!,喔喔……！,喘ぎ,Ôi...!
SCENE_KONIAL_AHEN_8,Hah...,哈啊……,はぁ…,하아..,哈啊……,喘ぎ,Phù...
SCENE_PAZUZU_TENTACLE_RAPE_CUM_02,Hoo... s-stop...! Aahn...!,呼……住、住手……！啊啊……！,ふぅっ…や、やめて…！ああん…っ！,흐읏.. 그.. 그만..! 아앙..!!,呼……住、住手……！啊啊……！,絶頂,Phù... d-dừng lại đi...! Á...!
SCENE_BUTLER_MISSIONARY_CUM_01,Ah...! Ahn! I-I'm going to lose myself...!,啊……！啊嗯！我、我快变得奇怪了……！,あ……っ！あんっ！お、おかしくなってしまいます……！,"아..! 앙! 이, 이상해요..!",啊……！啊嗯！我、我快變得奇怪了……！,絶頂,A......! Á! Em... em phát điên mất thôi......!
SCENE_PAZUZU_TENTACLE_RAPE_CUM_01,Haaah...! ...Uuh...! I can't... I can't anymore...!,哈啊啊……！ ……呜呜……！已经……已经不行了……！,はぁああっ…！…うぅっ…！もう…もうダメですぅ…！,꺄아앗..! 으읏..! 더는.. 더는 안돼요..!,哈啊啊……！……嗚嗚……！已經……已經不行了……！,絶頂,Hà...! ...Ư...! Không... không chịu nổi nữa rồi...!
SCENE_BUTLER_MISSIONARY_CUM_02,Fua...! Any more and I... will lose myself...!,呼啊……！再这样下去，我……会坏掉的……！,ふあっ…！これ以上は、わたくし…おかしくなって…っ！,흐앗..! 계속하면 저.. 이상해져 버렷..!,呼啊……！再這樣下去，我……會壞掉的……！,絶頂,Phù...! Cứ thế này... em... phát điên lên mất...!
SCENE_PAZUZU_AHEN_3,Ah... aaahn...!,啊……啊啊……！,あっ…あぁん…っ！,아.. 아앙..!,啊……啊啊……！,喘ぎ,A... á...!
SCENE_REINA_AHEN_1,...Ahu...,……啊呼……,…あふっ…,..아흣..,……啊呼……,喘ぎ,...Ưm...
SCENE_PAZUZU_AHEN_2,Hih...,咿……,ひっ…,히끅..,咿……,喘ぎ,Hức...
SCENE_KONIAL_MISSIONARY_KISS_PLAYING_04,"Ah...! I-I'm coming, I'm so close...! Don't stop kissing me...!",啊……！要、要去了，快去了……！不要停下接吻……！,あ…！い、イくっ、イきそう…！キス…やめないでぇ…！,아..! 가.. 가버릴 것 같아..! 키스.. 멈추지 마..!,啊……！要、要去了，快去了……！不要停下接吻……！,キス+照れてる,A...! Ta... ta sắp ra rồi...! Đừng ngừng hôn ta nhé...!
SCENE_PAZUZU_AHEN_1,...Hic...,……呜呃……,…ひぐっ…,..흐윽..,……嗚呃……,喘ぎ,...Hức...
SCENE_REINA_AHEN_3,...Huh...,……呼……,…ふっ…,..흣..,……呼……,喘ぎ,...Phù...
SCENE_REINA_AHEN_2,...Ngh...,……嗯呃……,…んぐっ…,..응읏..,……嗯呃……,喘ぎ,...Ưm...
SCENE_PAZUZU_AHEN_7,...Nnn...,……嗯嗯……,…んんっ…,..응..,……嗯嗯……,喘ぎ,...Ưm...
SCENE_REINA_AHEN_5,Aaah...,啊啊……,ああん…,아앙..,啊啊……,喘ぎ,A...
SCENE_PAZUZU_AHEN_6,...Ugh...,……呜……,…うっ…,..읏..,……嗚……,喘ぎ,...Ư...
SCENE_BUTLER_AHEN_4,Ah...!,啊……！,あ…！,아..!,啊……！,喘ぎ,Á...!
SCENE_PAZUZU_AHEN_5,Kyaa...!,呀啊……！,きゃあっ…！,꺄앗..!,呀啊……！,喘ぎ,Á...!
SCENE_REINA_MISSIONARY_PANTIES_READY_02,I'm wet enough now... I think I can take you all the way...,我已经湿得够多了……应该马上就能接纳您……,もう十分濡れてますから…すぐに受け入れられると思います…,충분히 젖어버렸으니.. 바로 들어올 수 있을 거에요..,我已經濕得夠多了……應該馬上就能接納您……,期待 / 予感,Em đã ướt đẫm lắm rồi... chắc có thể nhận lấy anh ngay lập tức đấy...
SCENE_BUTLER_AHEN_7,Nn...!,嗯……！,んぅ…！,응..!,嗯……！,喘ぎ,Ưm...!
SCENE_KONIAL_MISSIONARY_KISS_PLAYING_01,*Wet kiss*... nn... good... your tongue... my whole mouth... hah...,啾噗……嗯嗯……很好……你的舌头……嘴里全部……哈呜……,ちゅぷ…んん…いいぞ…お前の舌…口の中…全部…はぅっ…,츄웁.. 으응.. 좋아.. 네 혀.. 내 입안.. 전부.. 하읏..,啾噗……嗯嗯……很好……你的舌頭……嘴裡全部……哈嗚……,キス+照れてる,Chụt... ưm... được đấy... lưỡi của ngươi... trong miệng ta... toàn bộ... á...
SCENE_KONIAL_AHEN_4,Hoo...,呼……,ふぅっ…,흐읏..,呼……,喘ぎ,Phù...
SCENE_REINA_MISSIONARY_PANTIES_READY_03,Hah... um... I can't hold back anymore...,哈啊……那个……我已经忍不住了……,はぁ…あの…もう我慢できませんから…,하아.. 저.. 이제 참을 수 없으니까..,哈啊……那個……我已經忍不住了……,期待 / 予感,Hà... anh ơi... em không nhịn nổi nữa rồi...
SCENE_PAZUZU_AHEN_10,Ngh...,嗯……,っ…,읏..,嗯……,喘ぎ,Ư...
SCENE_KONIAL_MISSIONARY_KISS_PLAYING_02,Aah...! While we kiss... hold me tighter...,啊啊……！一边接吻……再用力抱着我……,ああん…！…キスしながら…もっと強く、抱いてくれ…,아앙..! 키스하면서.. 더 세게 안아 줘..,啊啊……！一邊接吻……再用力抱著我……,キス+照れてる,A...! ...Vừa hôn... vừa ôm ta chặt hơn nữa đi...
SCENE_REINA_AHEN_9,Hah...!,哈呜……！,はぅっ…,하읏..,哈嗚……！,喘ぎ,Ưm...
SCENE_KONIAL_MISSIONARY_KISS_PLAYING_03,More... more... ahuh...!,再来……更多……啊呼……！,もっと…もっとぉ…あふぅっ…！,더.. 좀 더.. 아흐읏..,再來……更多……啊呼……！,キス+照れてる,Nữa đi... nữa đi... á...!
SCENE_REINA_MISSIONARY_PANTIES_READY_01,Yes... please put... your cock... inside me...,好的……请把您的……阴茎……放进来……,はい…あなたの…おちんちん…入れてください…,네.. 당신의.. 자지.. 넣어주세요..,好的……請把您的……陰莖……放進來……,緊張,Vâng... con cặc của anh... hãy đút vào trong em đi...
SCENE_MAI_AHEN_8,Hah...,哈啊……,はぁ…,하아..,哈啊……,喘ぎ,Phù...
SCENE_PAZUZU_AHEN_9,...Ah...,……啊……,…あっ…,..아..,……啊……,喘ぎ,...A...
SCENE_PAZUZU_AHEN_8,Hah...,哈啊……,はぁ…,하아..,哈啊……,喘ぎ,Hà...
SCENE_MAI_FELLATIO_READY_01,"Hehe, then... we can really do it, you know?",嘿嘿，那……真的做下去也可以喔？,へへ、じゃあさ、ホントにしちゃってもいーんだよ？,"헤헤, 그럼, 진짜 해도 된다니까?",嘿嘿，那……真的做下去也可以喔？,笑顔,"Hê hê, thế thì tớ làm thật luôn nhé?"
SCENE_MAI_FELLATIO_READY_03,"Oh, bigger than I thought. Can this... even fit all the way?",喔，比我想的还大耶。这个……全部塞得进来吗？,おっ、思ったよりデカいね。これ…全部入るかな？,"오, 생각보다 크네. 입에 다 들어 가려나?",喔，比我想的還大耶。這個……全部塞得進來嗎？,びっくり,"Ôi, to hơn tớ tưởng đấy. Cái này... không biết có đút hết được vào mồm không nữa?"
SCENE_MAI_COWGIRL_FIRST_CUM_01,Aah! Come! Inside... fill me up inside...! All your semen...!,啊啊！射吧！里面……射满里面……！你的精液……全部都给我……！,ああん！出して！中に…中にいっぱい…！あんたの精液…全部ぅ…！,아앙! 싸 줘! 안에.. 안에 가득..! 네 씨앗.. 전부..!,啊啊！射吧！裡面……射滿裡面……！你的精液……全部都給我……！,絶頂,Á! Bắn đi! Vào trong... bắn đầy bên trong đi...! Tinh dịch của cậu... tớ muốn hết...!
SCENE_REINA_DOGGY_WINDOW_PLAYING_03,Thrust into me... harder...! Hah...! Aaah...!,请更激烈地……插进来……！哈啊……！啊啊……！,もっと激しく…突いてください…！はあっ…！…ぁあんっ…！,더 세게 박아주세요..! 하앗..! 아앙!,請更激烈地……插進來……！哈啊……！啊啊……！,びっくり,Anh đâm... mạnh bạo hơn nữa đi...! Hà...! A...!
SCENE_MAI_FELLATIO_READY_02,"Come on, aaah... I opened my mouth. Hurry and put it in.",来，啊～嘴巴张开了。快点放进来啊。,ほら、あ～ん…口開けたし。早く入れてみなよ。,"자, 아~ 입 벌렸어. 어서 넣어 봐.",來，啊～嘴巴張開了。快點放進來啊。,笑顔,"Nào, a~m... Tớ há miệng rồi đấy. Mau đút vào đi xem nào."
SCENE_REINA_DOGGY_WINDOW_PLAYING_02,My breasts... pressed against the window glass... nnnh...! Hah...,胸部……被压在窗户玻璃上……嗯嗯……！哈啊……,おっぱいが…窓ガラスに押し付けられて…んんっ…！はぁ…,가슴이.. 유리창에 눌려서.. 으응..! 하아..,胸部……被壓在窗戶玻璃上……嗯嗯……！哈啊……,びっくり,Ngực em... bị ép sát vào cửa kính... ưm...! Hà...
SCENE_BUTLER_HJ_FELLATIO_READY_01,...Pardon me. Is this... how I should do it?,……失礼了。像这样……就可以了吗？,…失礼いたします。このように…すればよろしいのでしょうか？,..실례하겠습니다. 이렇게.. 하면 될까요?,……失禮了。像這樣……就可以了嗎？,緊張,...Thất lễ rồi ạ. Em... làm như thế này có đúng không ạ?
SCENE_REINA_DOGGY_WINDOW_PLAYING_01,Aah...! Hah...! I-it's so hot...,啊啊……！哈呜……！好、好烫……,ああんっ…！はうっ…！あ、熱いです…,아앙..! 하읏! 뜨.. 뜨거워요..,啊啊……！哈嗚……！好、好燙……,びっくり,A...! Á...! N-nóng quá anh ơi...
SCENE_MAI_COWGIRL_FIRST_CUM_02,I'm coming... gonna come...! Nngh...!,我要去了……要去了……！嗯呃……！,イク…イっちゃうぅっ…！んぐぅ…！,가버려.. 가버려엇..! 으응..!!,我要去了……要去了……！嗯呃……！,絶頂,Ra... tớ ra mất thôi...! Ưm...!
SCENE_BUTLER_HJ_FELLATIO_READY_03,"If it hurts, please tell me...",若是会痛，请您告诉我……,もし痛むようでしたら、おっしゃってください…,혹시 아프시면 말씀해 주세요..,若是會痛，請您告訴我……,緊張,"Nếu ngài thấy đau, xin hãy bảo em nhé..."
SCENE_BUTLER_HJ_FELLATIO_READY_02,It is very... warm... your... cock...,真是……好烫呢……您的……肉棒……,とても…熱うございますね…あなたの…おちんちん…,굉장히.. 뜨겁네요.. 당신의.. 자지..,真是……好燙呢……您的……肉棒……,緊張,Nóng bỏng thật đấy ạ... con cặc của... ngài...
SCENE_REINA_BREAST_TOUCH_READY_01,Y-you really are... touching me... Um... how does it feel?,您、您真的在……摸我……那个……感觉如何呢？,ほ、本当に…触られてる…そ、その…いかが、ですか？,정.. 정말로.. 만지고 있어.. ..어떠신가요?..,您、您真的在……摸我……那個……感覺如何呢？,うろたえる,A-anh... đang sờ thật này... Th-thế... anh thấy thế nào ạ?
SCENE_REINA_SYUYU_READY_01,"Ah... that tickles a little... yes, there...",啊……有点痒……对，就是那里……,あ…少しくすぐったいです…はい、そこ…,"아.. 조금 간지러워요.. ..네, 거기..",啊……有點癢……對，就是那裡……,緊張,"Á... hơi nhột một chút ạ... Vâng, đúng chỗ đó..."
SCENE_REINA_BREAST_TOUCH_READY_02,"Hah... ah, no... please, keep going just like that...",哈啊……啊，不是……请、请继续这样摸我……,はぅっ…あ、いえっ…そ、そのまま…続けてください…,"하읏.. 아, 아니요. 그대로 해 주세요..",哈啊……啊，不是……請、請繼續這樣摸我……,照れてる,"Á... a, không... xin anh cứ... tiếp tục như vậy đi..."
SCENE_REINA_DOGGY_WINDOW_PLAYING_04,It's so embarrassing... I'm going strange... aaah...!,好害羞……我快变得奇怪了……啊啊……！,恥ずかしくて…変になっちゃいます…あぁっ…！,부끄러워서.. 이상해져요.. 아앗..,好害羞……我快變得奇怪了……啊啊……！,照れてる,Xấu hổ quá... em phát điên mất thôi... á...!
SCENE_REINA_SYUYU_READY_02,Hah... my nipples... your tongue is tickling them...,哈呜……乳头……被您的舌头弄得好痒……,はうっ…乳首が…くすぐったいです…舌が…,하읏.. 유두가.. 간지러워요.. 혀가..,哈嗚……乳頭……被您的舌頭弄得好癢……,照れてる,Á... đầu ti em... nhột lắm... cái lưỡi của anh...
SCENE_REINA_BREAST_TOUCH_READY_03,Yes... if it is what you want... as much as you wish...,好的……只要是您希望的……多少都可以……,はい…あなたの…お望みなら…いくらでも…,네.. 당신이.. 원하신다면.. 얼마든지..,好的……只要是您希望的……多少都可以……,照れてる,Vâng... nếu đó là... mong muốn của anh... thì bao nhiêu cũng được...
SCENE_REINA_SYUYU_READY_03,Hehe... you look cute sucking my breasts...,呵呵……您吸着我胸部的样子……好可爱呢……,ふふっ…私のおっぱいを吸ってる姿…可愛いですね…,후훗.. 제 젖을 빠는 모습.. 귀여워요..,呵呵……您吸著我胸部的樣子……好可愛呢……,笑顔,Hư hư... trông anh lúc bú ngực em... đáng yêu thật đấy...
SCENE_REINA_BREAST_TOUCH_PLAYING_01,Aah...! If you squeeze me that tightly...,啊啊……！您这样……用力抓的话……,ああん…！そんなに…ぎゅっとされたら…,아응..! 그렇게.. 꽉 쥐시면..,啊啊……！您這樣……用力抓的話……,びっくり,A...! Nếu anh bóp... mạnh tay thế...
SCENE_REINA_BREAST_TOUCH_PLAYING_03,Hah... your breath is on my neck... it feels so strange...,哈啊……您的气息碰到我的脖子……感觉变得好奇怪……,はぁ…息が首にあたって…なんだか、おかしくなりそうです…,하아.. 숨결이 목에 닿아서.. 더 이상해요..,哈啊……您的氣息碰到我的脖子……感覺變得好奇怪……,照れてる,Hà... hơi thở anh phả vào cổ em... làm em cứ thấy rạo rực thế nào ấy...
SCENE_REINA_BREAST_TOUCH_PLAYING_02,My nipples... they're hard... Hah... from your fingers touching them...,我的乳头……变硬了……呼……被您的手指这样摸着……,乳首…硬くなっちゃいました…ふぅっ…指で、触られて…,유두.. 딱딱해졌어요.. 흣.. 손가락으로 만져져서..,我的乳頭……變硬了……呼……被您的手指這樣摸著……,照れてる,Đầu ti em... cứng ngắc mất rồi... Phù... bị ngón tay anh xoa lên...
SCENE_REINA_BREAST_TOUCH_PLAYING_04,...Ah... yes... you can be rougher... it won't hurt...,……啊……好的……再用力一点也……不会痛的……,…あっ…はい…もっと…強くしても…痛くない、ですから…,..앗.. 네.. 더.. 세게 하셔도.. 아프지 않으니까요..,……啊……好的……再用力一點也……不會痛的……,照れてる,...Á... vâng... dù anh có làm... mạnh hơn nữa... em cũng không thấy đau đâu...
SCENE_REINA_DOGGY_SWIMSUIT_PLAYING_04,Hah... just... relax for me...,哈呜……请您……放轻松就好……,はぅっ…楽に…していてくださいね…,하읏.. 편하게.. 있으셔도 되요..,哈嗚……請您……放輕鬆就好……,照れてる,Á... anh cứ... tận hưởng đi nhé...
SCENE_PAZUZU_COWGIRL_AFTER_03,"I'll keep wringing you dry, so hurry and get hard again...",我还会继续榨干你，请快点再勃起吧……,まだまだ搾り取りますから、早く勃たせてくださいね…,"잔뜩 해야 하니까, 빨리 세우도록 하세요..",我還會繼續榨乾你，請快點再勃起吧……,真面目,"Ta sẽ còn vắt kiệt ngươi nữa, nên hãy mau làm cho nó cương lên đi..."
SCENE_REINA_DOGGY_SWIMSUIT_PLAYING_02,Hah... it's deep... yours is... all the way inside me...,哈呜……好深……您的……全部都进来了……,はぅっ…深いです…あなたのが…全部、入ってきてます…,하읏.. 깊어요.. 당신의 것.. 전부 들어오고 있어요..,哈嗚……好深……您的……全部都進來了……,照れてる,Á... sâu quá... cái đó của anh... đi vào hết trong em rồi...
SCENE_KONIAL_COWGIRL_PLAYING_04,Hold out until your limit. Try satisfying me...!,忍到极限为止吧。试着让我满足看看……！,限界まで我慢するんだぞ？我を満足させてみろ…！,최대한 참아야 한다? 날 만족시켜 줘야지!,忍到極限為止吧。試著讓我滿足看看……！,おどけて,Hãy ráng nhịn tới giới hạn nhé? Hãy làm cho ta được thỏa mãn xem nào...!
SCENE_PAZUZU_COWGIRL_AFTER_02,"You really do come a lot... hah... look, it's overflowing...",你真的很会射呢……哈啊……都溢出这么多了……,よく出ますね…はぁ…いっぱい…溢れてるじゃないですか…,많이도 나오네요.. 하아.. 넘치고 있잖아요..,你真的很會射呢……哈啊……都溢出這麼多了……,感嘆,Bắn nhiều thật đấy... hà... chẳng phải đã tràn ngập ra ngoài rồi sao...
SCENE_REINA_DOGGY_SWIMSUIT_READY_03,Look at me... as much as you like...,请尽情地……看着我吧……,いくらでも…見てくださいね…,얼마든지.. 봐 주세요..,請盡情地……看著我吧……,照れてる,Anh muốn ngắm bao nhiêu... cũng được hết ạ...
SCENE_REINA_DOGGY_SWIMSUIT_PLAYING_03,"It feels... good, doesn't it? ...Aah...!",很……舒服吧？ ……啊啊……！,気持ち…いいですよね？…ああん…！,기분.. 좋으시죠? ..아앙..!,很……舒服吧？……啊啊……！,照れてる,Anh thấy... sướng đúng không ạ? ...A...!
SCENE_PAZUZU_COWGIRL_AFTER_01,"...You don't think this is the end, do you...?",……你不会以为这样就结束了吧……？,…この程度で終わりだなんて、思ってませんよね…？,..이 정도로 끝난 거라 생각하는 거 아니죠..?,……你不會以為這樣就結束了吧……？,真面目,...Ngươi không nghĩ mới cỡ này đã xong chuyện rồi đúng không...?
SCENE_REINA_DOGGY_SWIMSUIT_READY_02,Only you... get to see me like this. Ahn...,只有您……可以看到喔。啊嗯……,あなただけが…見られるんですよ。あんっ…,당신만.. 볼 수 있는 거에요. 하읏..,只有您……可以看到喔。啊嗯……,照れてる,Chỉ một mình anh... được ngắm em thế này thôi đấy. Ưm...
SCENE_KONIAL_COWGIRL_PLAYING_02,"Kihihi... good... you're reaching quite deep, aren't you?",嘻嘻嘻……很好……挺能顶到深处的嘛？,きひひ…いいぞ…随分と奥まで届くじゃないか…？,키히히.. 좋아.. 꽤나 깊은 곳까지 닿잖아?,嘻嘻嘻……很好……挺能頂到深處的嘛？,からかう,Kê hê hê... tốt đấy... thúc chạm đến tận sâu bên trong rồi cơ à...?
SCENE_REINA_DOGGY_SWIMSUIT_READY_01,Hehe... do you like me dressed like this?,呵呵……您喜欢我这个样子吗？,ふふっ…この姿…気に入りましたか？,후훗.. 이 모습.. 마음에 드세요?,呵呵……您喜歡我這個樣子嗎？,笑顔,Hư hư... dáng vẻ này của em... anh có thích không ạ?
SCENE_REINA_DOGGY_SWIMSUIT_PLAYING_01,Aah...! So good... I can't stop...!,啊啊……！好舒服……停不下来……！,ああん…！いいっ…止められません…！,아앙..! 좋아요.. 멈출수 없어요..!,啊啊……！好舒服……停不下來……！,びっくり,A...! Sướng quá... em không dừng lại được...!
SCENE_KONIAL_COWGIRL_PLAYING_03,Looks like you're packing something useful there...,看来你身上带着挺有用的东西嘛……,なかなか使えるモノを持ってるようだな…？,쓸만한 물건 가지고 있는 걸?,看來你身上帶著挺有用的東西嘛……,からかう,Hóa ra ngươi cũng sở hữu một thứ khá hữu dụng đấy nhỉ...?
SCENE_KONIAL_COWGIRL_PLAYING_01,Ahaa...! Kihihi... Feel every fold... every sensation inside my pussy.,啊哈啊……！嘻嘻嘻……好好感受我阴道里每一层肉壁……每一寸触感。,あはぁ…っ！きひひッ…我の膣のヒダヒダを…感触を…一つ一つ感じてみろ。,아앙..! 키히힛.. 내 질 주름 하나하나 느껴 보라고.,啊哈啊……！嘻嘻嘻……好好感受我陰道裡每一層肉壁……每一寸觸感。,からかう,Á...! Kê hê hê... Hãy cảm nhận từng nếp gấp... từng cảm xúc bên trong âm hộ của ta đi.
SCENE_MAI_PAIZURI_PLAYING_04,Your cock... is getting even bigger between my boobs...,你的肉棒……在我胸部中间变得更大了耶……,あんたのちんぽ…おっぱいの中で、もっとデカくなってんじゃん…,네 자지.. 가슴 안에서 더 커지잖아..,你的肉棒……在我胸部中間變得更大了耶……,びっくり,Con cặc của cậu... kẹp giữa ngực tớ mà lại càng to hơn rồi này...
SCENE_MAI_PAIZURI_PLAYING_02,"Hah, you like having your tip rubbed?",哈啊，你喜欢龟头被摩擦吗？,はぁ、亀頭こすられるの…好き？,"하아, 귀두 비벼지는 거.. 좋아?",哈啊，你喜歡龜頭被摩擦嗎？,照れてる,"Hà, thích được chà sát đầu khấc thế này... đúng không?"
SCENE_MAI_PAIZURI_PLAYING_03,"Hehe... I'll squeeze you tighter between my boobs... like this, nice and firm...",嘿嘿……我用胸部夹得更紧一点……像这样，用力夹住……,へへ…おっぱいの間でもっと締め付けてあげる…こーやって、ぎゅーって…,헤헤.. 가슴 사이로 더 꽉 조여줄게.. 이렇게.. 꾹..,嘿嘿……我用胸部夾得更緊一點……像這樣，用力夾住……,笑顔,"Hê hê... để tớ kẹp chặt hơn nữa vào khe ngực nhé... như thế này này, chặt chưa..."
SCENE_MAI_PAIZURI_PLAYING_01,Nn... slurp... mixing in my drool... making it nice and slick...,嗯……啾噜……混着口水……弄得滑滑的……,ん…ちゅる…よだれ混ぜて…ヌルヌルにしてさ…,으응.. 츄릅.. 침을 섞어서.. 미끌미끌..,嗯……啾嚕……混著口水……弄得滑滑的……,照れてる,Ưm... nhổ thêm nước bọt vào... cho nó trơn tuột ra nhé...
SCENE_MAI_DOGGY_BUNNY_READY_01,You really like... this outfit?,你真的……很喜欢这套衣服吗？,この格好…ほんとに気に入ってんの…？,이 차림이 정말 좋은 거야..?,你真的……很喜歡這套衣服嗎？,照れてる,Bộ trang phục này... cậu thực sự thích nó đến thế cơ à...?
SCENE_MAI_DOGGY_BUNNY_READY_02,"Geez, getting a little too excited there, aren't you?",真是的……你也太兴奋了吧……？,もー…興奮しすぎじゃない…？,정말.. 너무 흥분한 거 아냐?,真是的……你也太興奮了吧……？,照れてる,Trời đất... cậu hưng phấn quá đà rồi đúng không...?
SCENE_MAI_DOGGY_BUNNY_READY_03,Yours... has been pressing against me this whole time. It's gotten so big...,你的……一直顶着我耶。变得好大……,あんたの…ずっと当たってるじゃん。めっちゃデカくなって…,네 거.. 계속 닿고 있잖아. 엄청 커져선..,你的……一直頂著我耶。變得好大……,照れてる,Cái đó của cậu... cứ cọ vào người tớ suốt kìa. To đùng luôn rồi...
SCENE_REINA_COWGIRL_READY_01,Hah... hah...,哈啊……哈啊……,はぁっ…はぁっ…,헥.. 헤엑..,哈啊……哈啊……,(子犬のように),Hà... hà...
SCENE_REINA_COWGIRL_READY_02,Auh... nn... hah...,啊呜……嗯……哈……,あぅっ…んぅ…はっ…,헤읏.. 응.. 핫..,啊嗚……嗯……哈……,(子犬のように),Ư... ưm... á...
SCENE_REINA_COWGIRL_READY_03,Nn... fua...,嗯……呼啊……,んぅ…ふぁっ…,으응.. 헤엑..,嗯……呼啊……,(子犬のように),Ưm... hà...
SCENE_CALL_REINA_MANGOPARTY,Mango Party,Mango Party,Mango Party,Mango Party,Mango Party,待機,Mango Party
SCENE_MAI_STANDING_SEX_READY_02,Me? I'm totally fine.,我？我完全没事啦。,あたし？あたしは全然平気だしー。,나? 난 하나도 힘들지 않은걸.,我？我完全沒事啦。,笑顔,Tớ hả? Tớ hoàn toàn khỏe re mà.
SCENE_MAI_STANDING_SEX_READY_03,"Want me to lower my hips a bit more? Nn, your tip just touched.",要我再把腰放低一点吗？ ……嗯，龟头刚刚碰到了。,もうちょい腰下げてあげよっか？…んっ、亀頭、ちょっと当たったし。,"좀 더 허리 내려 줄까? ..읏, 귀두가 살짝 닿았어.",要我再把腰放低一點嗎？……嗯，龜頭剛剛碰到了。,びっくり,"Tớ hạ thấp hông xuống tí nữa nhé?... Ưm, đầu khấc chạm vào rồi kìa."
SCENE_MAI_STANDING_SEX_READY_01,"Make sure you hold my legs, okay?",要好好扶着我的脚喔？,ちゃんと足、支えててよね…？,다리 잘 잡고 있어야 한다..?,要好好扶著我的腳喔？,照れてる,Phải ôm chắc lấy chân tớ đấy nhé...?
SCENE_MAI_AHEN_KISS_5,Hah... kiss...,哈啊……啾……,はぁ…ちゅっ…,하아.. 쪽..,哈啊……啾……,キス,Hà... chụt...
SCENE_KONIAL_AHEN_KISS_4,*Wet kiss*...,啾噗……,ちゅぷっ…,츄웁..,啾噗……,キス,Chụt...
SCENE_REINA_MISSIONARY_PANTIES_PLAYING_03,Haaah...! Your... sperm... I want it all...!,哈啊啊……！你的……精子……我全部都想要……！,はあぁんっ…！あなたの…精子…っ…全部、欲しいです…！,하앙..! 당신의 씨.. 전부 받고 싶어요..,哈啊啊……！你的……精子……我全部都想要……！,照れてる,Hà...! Tinh dịch của anh... em muốn có... toàn bộ...!
SCENE_REINA_MISSIONARY_PANTIES_PLAYING_02,Nnnh... faster... thrust into me faster... it feels good...!,嗯嗯……再快一点……请更快地插我……好舒服……！,んんっ…もっと…もっと速く…突いてください…気持ちいいです…！,으응.. 더.. 더 빠르게.. 박아주세요.. 좋아요..!,嗯嗯……再快一點……請更快地插我……好舒服……！,照れてる,Ưm... nhanh nữa... đâm nhanh hơn nữa đi anh... sướng quá đi mất...!
SCENE_PAZUZU_AHEN_FELLATIO_1,Nnmm...,嗯唔……,んむっ…,읍..,嗯唔……,キス,Ưm...
SCENE_REINA_MISSIONARY_PANTIES_PLAYING_01,Aah...! Hah... Aahn...! It's coming... all the way in...!,啊啊……！哈……啊嗯……！一直……进到最里面了……！,ああんっ…！…はっ…ぁんっ…！奥まで…入ってきましたぁ…！,아앙! 하읏..! 깊숙이.. 들어왔어요..!,啊啊……！哈……啊嗯……！一直……進到最裡面了……！,びっくり,A...! Á...! Vào tận cùng sâu thẳm... trong em rồi...!
SCENE_MAI_AHEN_KISS_3,Mmm...,啾……,ちゅ…,츄..,啾……,キス,Chụt...
SCENE_REINA_AHEN_KISS_2,Sluuurp...,啾噜噜……,ちゅるるっ…,츄르릅..,啾嚕嚕……,キス,Chùn chụt...
SCENE_REINA_MISSIONARY_PANTIES_PLAYING_04,I-I'm... also... So close to cumming... Ahhn...!,我、我也……快去了……啊啊……！,わ、私も…もうすぐ…イきそうですから…ああんっ…！,저.. 저도.. 곧.. 갈 것 같으니까.. 아앙!,我、我也……快去了……啊啊……！,照れてる,E-em... cũng... sắp ra rồi... a...!
SCENE_MAI_COWGIRL_FIRST_AFTER_01,Hah... hah... wow... my belly's so hot...,哈啊……哈啊……好猛……肚子里好烫喔……,はぁ…はぁ…すご…お腹ん中…熱いよぉ…,하아.. 하아.. 대단해.. 뱃속이.. 뜨거워..,哈啊……哈啊……好猛……肚子裡好燙喔……,余韻,Hà... hà... đỉnh quá... trong bụng tớ... nóng ran lên rồi...
SCENE_KONIAL_PRESS_READY_01,Kuh...! Heavy...! You... hurry up and...!,呿……！好重……！你这家伙……快点……！,くっ…！重い…！このっ…さっさと…！,큿..! 무거워..! 어서 비키지 못해?,呿……！好重……！你這傢伙……快點……！,ツンデレ,Ưm...! Nặng thế...! Ngươi... mau tránh ra...!
SCENE_MAI_COWGIRL_FIRST_AFTER_02,Geez... you came this much? Ahaha...!,真是的……竟然射这么多……啊哈……！,もー…こんなにいっぱい出すなんてさ…あはっ…！,정말.. 이렇게 가득 싸 버리다니.. 아읏.!,真是的……竟然射這麼多……啊哈……！,余韻,Trời ạ... sao lại bắn nhiều đến thế chứ... a ha...!
SCENE_MAI_COWGIRL_FIRST_AFTER_03,"Your face is crazy. Was it that good? Hehe, it was seriously good for me too.",你表情超夸张耶。有那么爽吗？嘿嘿，我也真的超爽。,顔ヤバいじゃん、そんなに良かった？…へへ、あたしはマジで良かったよ。,"표정 좀 봐, 그렇게 좋았어?.. 하핫, 난 무척 좋았어.",你表情超誇張耶。有那麼爽嗎？嘿嘿，我也真的超爽。,余韻+笑顔,"Xem cái mặt cậu kìa, sướng đến thế cơ à?... Hê hê, tớ thì sướng dã man luôn."
SCENE_KONIAL_PRESS_READY_03,What's pressing against me down there...?! No way...!,下面顶着我的是……！难道……！,下に当たってるのって…！まさか…！,아래 닿고 있는 건 뭐야..! 설마..,下面頂著我的是……！難道……！,ツンデレ,Thứ cọ ngay bên dưới là...! Không lẽ nào...!
SCENE_REINA_SITTING_REVERSE_AFTER_01,"Nnnh... hah, hah...",嗯嗯……哈啊、哈啊……,うぅん…っ、はぁ、はぁ…,"우으응.. 읏, 하아아, 하아..",嗯嗯……哈啊、哈啊……,余韻,Ư... hà... hà...
SCENE_KONIAL_PRESS_READY_02,Hah... hah... this doesn't... feel good at all...! Nnuh...!,哈啊……哈啊……我才……一点都不舒服……！嗯呜……！,はぁ…はぁ…全然…気持ちよくなどないぞ…！んぅっ…！,하아.. 하아.. 전혀.. 기분 좋지 않으니까..! 으읏..,哈啊……哈啊……我才……一點都不舒服……！嗯嗚……！,ツンデレ,Hà... hà... ta hoàn toàn... không thấy sướng đâu nhé...! Ư...!
SCENE_KONIAL_AHEN_10,Kuh...,呵呼……,くふっ…,크흣..,呵呼……,喘ぎ,Ưm...
SCENE_REINA_SITTING_REVERSE_AFTER_03,Hah... nnn... my belly is swelling with your semen...,哈啊……嗯嗯……我的肚子……被您的精液撑起来了……,はぁ…んんっ……あなたの精液で、お腹が膨らんでます……,"하으응.. 당신의 정액으로, 배가 볼록해졌어요..",哈啊……嗯嗯……我的肚子……被您的精液撐起來了……,余韻,Hà... ưm...... bụng em căng tròn vì chứa đầy tinh dịch của anh rồi......
SCENE_REINA_SITTING_REVERSE_AFTER_02,"I love you, I love you so much. I can do this as many times as you want...",喜欢你，最喜欢你了。不管几次我都可以……,好き、大好きです。何回だって、できますから…,"좋아, 너무 좋아해요. 몇 번이고 할 수 있어.",喜歡你，最喜歡你了。不管幾次我都可以……,余韻,"Em yêu anh, yêu anh nhiều lắm. Bao nhiêu lần em cũng chiều được tuốt..."
SCENE_REINA_DOGGY_AFTER_02,...I can't believe... I felt that much...,……我竟然……舒服成这样……,…こんなに…感じちゃいました…,..이렇게나.. 느껴버렸어요..,……我竟然……舒服成這樣……,余韻,...Em đã... sướng đến mức này cơ đấy...
SCENE_REINA_DOGGY_AFTER_03,Uuh... ha... hah...,呜呜……哈……哈啊……,ううっ…は…はぁ…,으읏.. 하.. 하아..,嗚嗚……哈……哈啊……,余韻,Ư... hà... hà...
SCENE_REINA_DOGGY_AFTER_01,Hah... hah... that felt... wonderful...,哈啊……哈啊……感觉……好棒……,はぁ……はぁ……すごくよかったです……,"하아.. 하아.. 무척, 좋았어요..",哈啊……哈啊……感覺……好棒……,余韻,Hà...... hà...... sướng lắm anh ơi......
SCENE_REINA_SITTING_REVERSE_PLAYING_04,"Haaahn...! ...Ahuh...! Cock, cock... I love your cock...!",哈啊啊……！ ……啊呼……！肉棒、肉棒……我最喜欢肉棒了……！,はぁあん！……あふぅっ…！おちんちん、おちんちん…大好きぃっ！,"아아앙! ..아흐읏! 자지, 자지 너무 좋하앗!",哈啊啊……！……啊呼……！肉棒、肉棒……我最喜歡肉棒了……！,びっくり,A...! ...Ư...! Em yêu... yêu con cặc của anh nhất...!
SCENE_REINA_SITTING_REVERSE_PLAYING_01,"Ah, nn! There, that feels good...! Uuh!?",啊、嗯！那里，那里好舒服……！呜呜！ ？,あっ、んっ！そこ、そこイイです…！ううっ！？,"아흣! 거기, 거기 좋아요! 으으읏?!",啊、嗯！那裡，那裡好舒服……！嗚嗚！？,びっくり,"A, ưm! Chỗ đó, chỗ đó sướng lắm...! Ôi?!"
SCENE_REINA_SITTING_REVERSE_PLAYING_03,Nnnh...! From now on... you can use my pussy... as much as you want...!,嗯嗯……！从今以后……我的小穴……你想怎么用都可以……！,うぅん……！私のおまんこ…これからずっと…好きなだけ、使っていいですからぁっ…！,"으응..! 평생 내 보지, 얼마든지 써도 되니까앗.",嗯嗯……！從今以後……我的小穴……你想怎麼用都可以……！,びっくり,Ưm......! Từ nay về sau... chỗ này của em... anh muốn xài bao nhiêu tùy thích nhé...!
SCENE_REINA_SITTING_REVERSE_PLAYING_02,I'm always thinking about this cock...! I'm sorry...! Aaah...!,我总是只想着这根……！对不起……！啊啊……！,いつも、このおちんちんのことばかり考えて…！ごめんなさいぃっ…！ああんっ…！,"항상, 이 자지 생각뿐이라..! 죄송해요옷..! 아앙!",我總是只想著這根……！對不起……！啊啊……！,びっくり,Lúc nào đầu óc em cũng chỉ nghĩ về nó thôi...! Em xin lỗi anh...! A...!
SCENE_MAI_COWGIRL_FIRST_PLAYING_01,Aah...! Hah...! Like this... I'll make you feel even better...!,啊啊……！哈呜……！像这样……让你更舒服……！,ああん…！はうっ…！こーやって…もっと気持ちよくしてあげる…！,아앙..! 하읏! 이렇게.. 더 기분 좋게 해줄게..!,啊啊……！哈嗚……！像這樣……讓你更舒服……！,びっくり,A...! Á...! Để tớ làm như thế này... cho cậu sướng hơn nữa nhé...!
SCENE_MAI_COWGIRL_FIRST_PLAYING_02,Good... so good...! Your cock... is hitting my womb...!,好棒……真的好爽……！你的那根……顶到子宫了……！,いい…すっごいいいよぉ…！あんたのちんぽ…子宮まで…突いてるぅ…！,좋아.. 너무 좋아..! 네 자지가.. 자궁을 찌르고 있어..!,好棒……真的好爽……！你的那根……頂到子宮了……！,照れてる,Sướng... sướng quá đi mất...! Con cặc của cậu... đang đâm chạm tử cung tớ rồi...!
SCENE_KONIAL_COWGIRL_READY_03,Watch closely as it spreads my pussy open... and slides inside...,给我仔细看着它撑开我的小穴……插进来的样子……,我のおまんこを押し広げて…入ってくるところ…じっくり見ておけよ？,내 보지를 헤집고 들어가는 거.. 자세히 봐야 한다?,給我仔細看著它撐開我的小穴……插進來的樣子……,からかう,Hãy nhìn cho kỹ cảnh nó đang nong rộng chỗ đó của ta... rồi đút vào trong đi nhé?
SCENE_MAI_COWGIRL_FIRST_PLAYING_03,Hehe... my boobs are bouncing like crazy... you seeing this? Auhn...!,嘿嘿……我的胸部晃得超厉害……你有好好看着吗？啊嗯……！,へへ…あたしのおっぱい…すっごい揺れてんの…ちゃんと見えてる…？あうんっ…！,헤헤.. 내 가슴.. 엄청 흔들리는 거 보여..? 아응..!,嘿嘿……我的胸部晃得超厲害……你有好好看著嗎？啊嗯……！,照れてる,Hê hê... cậu có nhìn rõ... ngực tớ đang nảy tưng bừng lên không...? Á...!
SCENE_MAI_STANDING_SEX_PLAYING_03,This is more embarrassing than I thought... ah... aah...!,比想像中还害羞耶……这个……啊啊……！,思ったより恥ずかしーじゃん…？これぇ…っ…ああん…っ！,생각보다 더 부끄럽네 이거.. 아앙!,比想像中還害羞耶……這個……啊啊……！,照れてる,Làm kiểu này ngại hơn tớ tưởng đấy chứ...? Ôi...... á...!
SCENE_KONIAL_COWGIRL_READY_02,Well? I can tell your cock is already getting hot.,如何？我都感觉到你的那根变烫了喔？,どうだ？もうちんぽが熱くなってるの、我にもわかるぞ？,어때? 벌써부터 자지에서 뜨거운 기운이 느껴지는데.,如何？我都感覺到你的那根變燙了喔？,からかう,Sao hả? Ta cũng cảm nhận rõ con cặc của ngươi đang nóng ran lên rồi đấy?
SCENE_MAI_COWGIRL_FIRST_PLAYING_04,This feels better than I thought... ahh...!,比想像中还舒服耶……啊啊……！,思ったより気持ちいーじゃん…これぇっ…！,생각보다 더 기분 좋잖아 이거엇..,比想像中還舒服耶……啊啊……！,照れてる,Làm kiểu này sướng hơn tớ nghĩ nhiều luôn ấy...!
SCENE_MAI_STANDING_SEX_PLAYING_02,Hah... rub that spot more with your tip... hah!,哈啊……用龟头……再磨那里……哈呜！,はぁっ…亀頭で…そこ、もっとグリグリしてぇ…はぅっ！,좋아.. 귀두로 그쪽 더 긁어 줘.. 하읏!,哈啊……用龜頭……再磨那裡……哈嗚！,びっくり,Hà... dùng đầu khấc... cạ mạnh chỗ đó nữa đi cậu... á!
SCENE_KONIAL_COWGIRL_READY_01,Kihihi... watch closely.,嘻嘻嘻……给我看仔细了。,きひひ……よく見ておくんだな。,키히히.. 잘 보고 있으렴.,嘻嘻嘻……給我看仔細了。,からかう,Kê hê hê...... mở to mắt ra mà ngắm cho kỹ.
SCENE_MAI_STANDING_SEX_PLAYING_01,Aah...! Hah...! It's reaching the entrance to my womb...! This is so good...!,啊啊……！哈啊……！顶到子宫口了……！这个好爽……！,ああん…！はぁ…っ…！子宮の入り口まで…届いてるぅ…！これ、いぃっ…！,아앙..! 하읏! 자궁 입구까지.. 닿고 있어..! 좋아..!,啊啊……！哈啊……！頂到子宮口了……！這個好爽……！,びっくり,A...! Hà...! Thúc chạm tới tận cổ tử cung tớ rồi...! Phê quá đi mất...!
SCENE_MAI_SUMATA_READY_01,"Hehe... my thighs are soft, right?",嘿嘿……我的大腿很软吧？,へへ…あたしの太もも…柔らかいっしょ？,헤헤.. 내 허벅지.. 부드러워?,嘿嘿……我的大腿很軟吧？,遊び心,Hê hê... đùi tớ... mềm đúng không?
SCENE_MAI_STANDING_SEX_PLAYING_04,You're reaching places you don't usually hit...! Ah...!,顶到平常碰不到的地方了……！啊……！,いつも当たんないトコまで…届いてるぅ…！あっ…！,평소에 안 닿던 부분까지 닿고 있어..! 앗..!,頂到平常碰不到的地方了……！啊……！,びっくり,Đâm trúng những chỗ bình thường không thể chạm tới luôn rồi...! Á...!
SCENE_MAI_SUMATA_READY_02,"Your cock's on fire. How long've you been waiting for this, huh?",你的肉棒超烫的耶。你到底期待多久了？,あんたのちんぽ…超アチアチじゃん。どんだけ楽しみにしてたわけ？,네 자지.. 엄청 뜨겁네. 잔뜩 기대한 거야?,你的肉棒超燙的耶。你到底期待多久了？,遊び心,Con cặc cậu... nóng hôi hổi luôn kìa. Cậu mong chờ nó đến mức nào thế hử?
SCENE_MAI_SUMATA_READY_03,"Come on, move your hips right here.",来啊，就在这里……动动腰看看。,ほら、ここで…腰、動かしてみなよ。,"자, 여기서.. 허리를 앞뒤로 움직여봐.",來啊，就在這裡……動動腰看看。,笑顔,"Nào, cựa quậy hông ngay tại đây thử xem."
SCENE_REINA_FELLATIO_CUM_01,Nnmm...! Nnuh...! Mmm...,嗯唔……！嗯呜……！啾……,んむっ…！んうっ…！ちゅ…,우웁..! 으읍..! 츄..,嗯唔……！嗯嗚……！啾……,精液を含んだ口,Ưm...! Ư...! Chụt...
SCENE_KONIAL_MISSIONARY_KISS_CUM_01,Yes...! Don't hold back... come plenty...! Nn-oh?! ...Oooh...!,对……！不要忍……射好多出来……！嗯喔？ ！ ……喔喔……！,そぅっ…！我慢しないで…たっぷり出してぇ…！んおっ？！…おぉぉっ…！,그래엣..! 참지 말고 가득 싸 버려..! 오오옷?!,對……！不要忍……射好多出來……！嗯喔？！……喔喔……！,絶頂,Đúng rồi...! Đừng cố nhịn nữa... cứ bắn hết ra đi...! Ôi?! ...Á...!
SCENE_REINA_FELLATIO_CUM_02,Nn...! Give it all to me... I'll drink every last drop...,嗯……！全部……全部都给我……我会一滴不剩地喝干……,んっ…！全部…全部私にください…残さず飲み干してあげます…から…っ！,응..! 전부.. 전부 제게 주세요.. 남김없이 마셔드릴게요..!,嗯……！全部……全部都給我……我會一滴不剩地喝乾……,精液を含んだ口+期待 / 予感,Ưm...! Tất cả... hãy dâng hết cho em đi... em sẽ nuốt không chừa một giọt nào đâu...!
SCENE_BUTLER_AHEN_10,Auh...,啊呜……,ぁうっ…,아흑..,啊嗚……,喘ぎ,Á...
SCENE_KONIAL_MISSIONARY_KISS_CUM_02,Ngh...! Yes...! *Wet kiss*...! All of it... all of it...!,嗯呃……！没错……！啾噗……！全部……全部……！,んぐぅっ…！そうだ…！ちゅぷ…！全部…全部ぅ…！,으읍..!! 그래..! 츄웁..!! 전부.. 전부..!!,嗯呃……！沒錯……！啾噗……！全部……全部……！,絶頂,Ưm...! Đúng rồi...! *chụt*...! Tất cả... bắn hết đi...!
SCENE_REINA_HANDJOB_READY_01,I-is this... how I should touch it? ...It's so hot...,是、是这样……摸就可以了吗？ ……好烫……,こ、こうやって…触ればいいんでしょうか？…熱い、ですね…,이.. 이렇게.. 만지면 되는 건가요? ..뜨거워요..,是、是這樣……摸就可以了嗎？……好燙……,緊張,C-cầm sờ thế này có được không anh...? Nóng quá đi...
SCENE_CALL_MAI_MANGOPARTY,Mango Party~!,Mango Party～！,Mango Party~!,Mango Party~!,Mango Party～！,遊び心のある,Mango Party~!
SCENE_REINA_HANDJOB_READY_03,If it hurts... please tell me right away... This is my first time...,如果会痛……请立刻告诉我……因为我是第一次……,痛かったら…すぐに言ってくださいね…初めて、なので…,아프시면.. 바로 말씀해주세요.. 처음이니까..,如果會痛……請立刻告訴我……因為我是第一次……,緊張,Nếu đau... anh phải bảo em ngay nhé... vì đây là lần đầu của em...
SCENE_REINA_MISSIONARY_ONSEN_AFTER_02,No matter how many times we do it... it feels... incredible...,不管做几次……都觉得……好舒服……,何度しても…すごく…気持ちいいです…,몇 번이고 해도 기분 좋아요..,不管做幾次……都覺得……好舒服……,余韻,Dù có làm bao nhiêu lần... em vẫn thấy... sướng vô cùng...
SCENE_REINA_HANDJOB_READY_02,Your cock... is so... big and hard...,您的那根……真的……好大、好硬……,あなたのおちんちん…すごく…大きくて、硬いですね…,당신의 자지.. 정말.. 크고 단단하네요..,您的那根……真的……好大、好硬……,緊張,Con cặc của anh... to và cứng... khủng khiếp thật đấy...
SCENE_REINA_MISSIONARY_ONSEN_AFTER_03,Nn... um... shall we do it... one more time?,嗯嗯……那个……要不要……再来一次呢？,んん…あの…もう一回、しませんか…？,"으응.. 저기, 한 번 더 할까요?",嗯嗯……那個……要不要……再來一次呢？,余韻+可愛さ,Ưm... anh ơi... chúng ta làm thêm lần nữa nhé...?
SCENE_REINA_MISSIONARY_ONSEN_AFTER_01,Hah... hah... we're a mess... with sweat and semen...,哈啊……哈啊……汗水和……精液……弄得一团糟呢……,はぁ…はぁ…汗と…精液で…ぐちゃぐちゃですね…,하아.. 하아.. 땀이랑.. 정액으로.. 범벅이네요..,哈啊……哈啊……汗水和……精液……弄得一團糟呢……,余韻,Hà... hà... mồ hôi với... tinh dịch... dính nhoét nhoét hết rồi anh nhỉ...
SCENE_PAZUZU_AHEN_4,Hoo...,呼……,ふぅっ…,흐읏..,呼……,喘ぎ,Phù...
SCENE_MAI_COWGIRL_MARKING_CUM_01,Aaah...! You're coming...! Inside me... leave your mark inside me...! Haaahn...!,啊啊……！要射了……！射在我里面……把你的痕迹射满我……！哈啊啊……！,あぁっ…！出るぅ…！あたしの中にぃ…あんたの匂い…いっぱいぃっ…！はあぁん…っ！,아..! 싼다..! 내 안에.. 네 흔적.. 가득..! 아앙!,啊啊……！要射了……！射在我裡面……把你的痕跡射滿我……！哈啊啊……！,絶頂,Á...! Ra rồi...! Hãy để lại mùi hương của cậu... ngập tràn bên trong tớ đi...! Á...!
SCENE_MAI_FULL_DOGGY_READY_01,How long are you gonna make me wait?,你到底要让我等到什么时候啦～？,いつまで待たせんの～？,계속 기다리게 할 거야?,你到底要讓我等到什麼時候啦～？,期待,Cậu định bắt tớ phải chờ đến bao giờ đây hả hử~?
SCENE_MAI_COWGIRL_MARKING_CUM_02,I'll take it all... all of it...! Don't you dare pull out...!,全部……我会全部收下……！绝对不准拔出来……！,全部…全部もらってあげるから…！ 絶対抜いちゃダメっ…！,전부.. 전부 받아줄게..! 그러니 절대 빼지 마!,全部……我會全部收下……！絕對不准拔出來……！,絶頂,Bởi vì tớ... sẽ đón nhận hết sạch tinh dịch của cậu...! Cấm được rút ra đấy nhé...!
SCENE_MAI_FULL_DOGGY_READY_03,Don't just stare. Hurry up already! It's definitely gonna feel good!,别只顾着看啦～快点做啊～！一定会很爽的！,見てないでさ～早くしなよ～！絶対気持ちいいって！,보고만 있지 말고~ 얼른~ 분명 기분 좋을걸?,別只顧著看啦～快點做啊～！一定會很爽的！,期待,Đừng chỉ đứng ngắm thế chứ~ nhanh tay lên nào~! Đảm bảo phê lòi luôn!
SCENE_KONIAL_DEEPTHROAT_PLAYING_04,Nnmm...! Nnuh...! Slurp...!,嗯唔……！嗯呜……！啾噜……！,んむっ…！んぅ…！ちゅるっ…！,흐읍..! 으응..! 츄릅..!,嗯唔……！嗯嗚……！啾嚕……！,びっくり,Ưm...! Ư...! Chùn chụt...!
SCENE_MAI_FULL_DOGGY_READY_02,"You know I hate being teased, right?",你知道我讨厌被吊胃口吧？,じらされるの嫌いなの、知ってるでしょ？,애태우는 거 싫어하는 거 알지?,你知道我討厭被吊胃口吧？,期待,Cậu thừa biết là tớ ghét bị trêu ngươi rồi cơ mà?
SCENE_BUTLER_MISSIONARY_PLAYING_04,"I love you, I love you... more... uuh... hah...!",喜欢您、我喜欢您……更多……呜呜……哈啊……！,好き、好きです…もっと…うぅっ…はぁっ…！,"좋아, 좋아해요.. 좀 더.. 으읏.. 하앗..!",喜歡您、我喜歡您……更多……嗚嗚……哈啊……！,びっくり,"Em yêu ngài, em yêu ngài lắm... nữa đi... ư... á...!"
SCENE_KONIAL_ONAHLE_PLAYING_02,"Quite the impressive thing you've got there, hm?",你那东西还挺不错的嘛？,なかなか…いいモノ持ってるじゃないか？,제법 좋은 물건 가지고 있잖아~?,你那東西還挺不錯的嘛？,からかう,Ngươi cũng... sở hữu hàng khá chất đấy chứ nhỉ?
SCENE_KONIAL_ONAHLE_PLAYING_03,Shall I move faster for you?,要我动得更快一点吗？,もっと速く動いてやろうか？,좀 더 빠르게 흔들어 줄까?,要我動得更快一點嗎？,からかう,Có cần ta tuốt nhanh hơn nữa hộ ngươi không?
SCENE_KONIAL_DEEPTHROAT_PLAYING_01,Uph... nnn...! Hah...,唔噗……嗯嗯……！哈啊……,うぷっ…んんっ…！はあっ…,우웁.. 커억..! 하읏..,唔噗……嗯嗯……！哈啊……,びっくり,Oẹ... ưm...! Hà...
SCENE_BUTLER_MISSIONARY_PLAYING_01,...Ngh! Aaah... fua...!,……嗯！啊啊……呼啊……！,…っ！ああん……ふぁっ…！,읏! 아앙.. 흣!,……嗯！啊啊……呼啊……！,びっくり,...Ưm! A... á...!
SCENE_KONIAL_ONAHLE_PLAYING_01,Kihihi... like this... up and down... pumping away...,嘻嘻嘻……像这样……上下……砰砰地套弄……,きひひっ…こうやって…上下に…パンパンして…,키히히.. 이렇게 위 아래로.. 찌걱찌걱..,嘻嘻嘻……像這樣……上下……砰砰地套弄……,どや顔,Kê hê hê... cứ thế này... tuốt lên tuốt xuống... phập phập...
SCENE_KONIAL_DEEPTHROAT_PLAYING_03,Kuh... hah... (My brain... feels like it will melt...!),呿……哈啊……（脑袋……好像要融化了……！）,くッ…はぁッ…（脳が…とろけてしまいそうだ…！）,컥.. 컥.. (뇌가.. 녹아버릴 것 같아..),呿……哈啊……（腦袋……好像要融化了……！）,びっくり,Ư... á... (Đầu óc ta... sắp nhũn ra mất rồi...!)
SCENE_MAI_FULL_DOGGY_CUM_01,Aah...! Too hard...! I'm coming...! I might come...!,啊啊……！太激烈了……！要去了……！我可能要去了……！,ああん…！激しいって…！イく…！イっちゃうかもぉ…っ！,아앙! 격렬해! 가버려! 가버릴 거 같아!,啊啊……！太激烈了……！要去了……！我可能要去了……！,絶頂,A...! Mạnh quá đi...! Tớ ra... tớ sắp ra mất rồi...!
SCENE_BUTLER_MISSIONARY_PLAYING_03,"Hoo, ah...! Nnnh! ...Haaah...!",呼、啊……！嗯嗯！ ……哈啊啊……！,ふぅっ、あっ…！うぅん！…はぁぁ…っ…！,"후읏, 앗..! 으응! ..하아아..",呼、啊……！嗯嗯！……哈啊啊……！,びっくり,"Phù, á...! Ưm! ...Hà...!"
SCENE_KONIAL_DEEPTHROAT_PLAYING_02,No...! My body is moving on its own... hiuh?!,不对……！身体自己……咿呜？ ！,違う…！体が勝手に…ひぅっ？！,아니야..! 몸이 멋대로.. 흐급?!,不對……！身體自己……咿嗚？！,びっくり,Không phải...! Cơ thể ta tự cử động đấy chứ... á?!
SCENE_BUTLER_MISSIONARY_PLAYING_02,I-it's too large...! I'm already... so full inside...!,太、太大了……！里面已经……被塞满了……！,お、大きすぎます……！中がもう…いっぱいに……っ！,"너, 너무 커요..! 안을 가득 채워서..!",太、太大了……！裡面已經……被塞滿了……！,びっくり,T-to quá ngài ơi......! Bên trong em... chật ních rồi......!
SCENE_KONIAL_ONAHLE_PLAYING_04,Leave everything to me and focus only on your cock. Kihi...!,全部交给我，只要专心感受你的那根就好。嘻嘻……！,全部任せて、おちんぽだけに集中しろ。きひッ…！,전부 맡기고 자지에만 집중해. 키힛.,全部交給我，只要專心感受你的那根就好。嘻嘻……！,からかう,"Cứ giao phó hết cho ta, và chỉ tập trung vào con cặc của ngươi thôi. Kê hê...!"
SCENE_MAI_FULL_DOGGY_CUM_02,Kuh...! I-I'm coming...! Your big cock is making me... come...!,咕……！要、要去了……！被你那根大肉棒……弄到要去了……！,くぅっ！い、イくぅっ！あんたの…デカいちんぽで、あたし…イっちゃううぅ…っ！,"크흣! 가, 간다앗! 네 커다란 자지로 잔뜩 가버려!",咕……！要、要去了……！被你那根大肉棒……弄到要去了……！,絶頂,Ư...! Tớ... tớ ra...! Con cặc to của cậu làm tớ... ra mất rồi...!
SCENE_KONIAL_ONAHLE_CUM_02,"Ahaa...! That's it, the last spurt!",啊哈啊……！没错，最后冲刺了！,あはぁ…！そうだ、ラストスパートだ！,아앙..! 그래~ 마지막 스퍼트야~,啊哈啊……！沒錯，最後衝刺了！,からかう,"Á...! Đúng thế, đợt bứt phá cuối cùng đấy!"
SCENE_KONIAL_ONAHLE_CUM_01,About to come? Kihihi... then flood the inside with it...!,快射了？嘻嘻嘻……那就尽情射满里面吧……！,出ちゃいそう？きひひ…中にたっぷり出してしまえ…！,쌀 것 같아? 키히히.. 이 안에 가득 싸버려!,快射了？嘻嘻嘻……那就盡情射滿裡面吧……！,おどけて,Sắp bắn rồi sao? Kê hê hê... cứ xịt ngập ngụa vào trong đi...!
SCENE_PAZUZU_AHEN_KISS_5,Hah...,哈啊……,はぁ…,하아..,哈啊……,喘ぎ,Hà...
SCENE_KONIAL_AHEN_9,...Nn...,……嗯……,…ん…,..응..,……嗯……,喘ぎ,...Ưm...
SCENE_REINA_AHEN_6,Ngh...,嗯……,っ…,읏..,嗯……,喘ぎ,Ư...
SCENE_KONIAL_AHEN_7,Ahn...!,啊嗯……！,あんっ…！,앙..!,啊嗯……！,喘ぎ,Á...!
SCENE_REINA_AHEN_10,Hoo...,呼嗯……,ふぅん…,흐응..,呼嗯……,喘ぎ,Phù...
SCENE_BUTLER_HJ_FELLATIO_AFTER_01,(Gulp...) Hah... hah... this is... yours...,（吞……）哈啊……哈啊……这就是……您的……,(ごくん…)はぁ…はぁ…これが…あなたの…,(꿀꺽..) 하아.. 하아.. 이것이.. 당신의..,（吞……）哈啊……哈啊……這就是……您的……,飲み込んだ,(Ực...) Hà... hà... thì ra đây là... của ngài...
SCENE_KONIAL_AHEN_5,Oooh...!,喔喔……！,おおっ…！,오옷..!,喔喔……！,喘ぎ,Ôi...!
SCENE_BUTLER_HJ_FELLATIO_AFTER_02,...Do you feel refreshed...? Did I... do well...? ...Hah...,……您舒服些了吗……？我……做得还可以吗……？ ……哈啊……,…すっきりできましたか…？ わたくし…うまくできましたでしょうか？ …はぁ…,..시원해 지셨나요? 저.. 잘 한 건가요? ..하아.,……您舒服些了嗎……？我……做得還可以嗎……？……哈啊……,余韻,...Ngài đã thoải mái hơn chưa ạ...? Không biết em... làm có tốt không nữa? ...Hà...
SCENE_KONIAL_AHEN_2,Haa...!,哈啊……！,はあっ…！,하앗..!,哈啊……！,喘ぎ,A...!
SCENE_BUTLER_HJ_FELLATIO_AFTER_03,Ah...! It is... growing large again... May I be allowed to practice a little more...?,啊……！又……变大了呢……可以让我……再多练习一下吗……？,あっ…！また…大きくなっておりますね…練習…もっとさせていただいても、よろしいでしょうか…？,앗..! 또.. 커졌네요.. 연습.. 더 해도 될까요?,啊……！又……變大了呢……可以讓我……再多練習一下嗎……？,余韻,Á...! Lại... to lên rồi kìa ngài... Em có thể... tiếp tục luyện tập thêm được không ạ...?
SCENE_KONIAL_AHEN_3,Aaahn...,啊啊……,ああんっ…,아앙~,啊啊……,喘ぎ,Á...
SCENE_REINA_FELLATIO_READY_01,Slurp... with my tongue... like this...,啾噜……用舌头……像这样……,ちゅる…舌で…こうやって…,츄릅.. 혀로 이렇게..,啾嚕……用舌頭……像這樣……,フェラ,Líếm... dùng lưỡi... rà rà thế này...
SCENE_CALL_KONIAL_MANGOPARTY,Mango Party!,Mango Party！,Mango Party!,Mango Party!,Mango Party！,からかう,Mango Party!
SCENE_KONIAL_AHEN_1,Nnuh...,嗯呜……,んぅっ…,으응~,嗯嗚……,喘ぎ,Ưm...
SCENE_REINA_FELLATIO_READY_03,Please wait a moment... I'll gather plenty of saliva...,请稍等一下……我先含满唾液……,少しお待ちください…唾液をたっぷり溜めて…,잠시만요.. 침을 잔뜩 모아서..,請稍等一下……我先含滿唾液……,フェラ,Chờ em một lát nhé... gom cho đẫm nước bọt đã...
SCENE_REINA_FELLATIO_READY_02,I shall clean every corner of the tip for you...,我会帮您把龟头……每个角落都舔干净……,亀頭の隅々まで…綺麗にしてさしあげますね…,귀두 구석 구석.. 깨끗히 해 드릴게요..,我會幫您把龜頭……每個角落都舔乾淨……,フェラ,Em sẽ vệ sinh sạch sẽ... mọi ngóc ngách đầu khấc cho anh nhé...
SCENE_PAZUZU_AHEN_KISS_4,...Nn...,……嗯……,…ん…,..응..,……嗯……,キス,...Ưm...
SCENE_MAI_DOGGY_BUNNY_CUM_01,Okay...! This time too... come in the very deepest part...! As hard as you can...!,可以喔……！这次也……射在最里面……！用力射出来……！,いいよぉ…！今回も…一番奥に出してぇ…！思いっきり…っ！,좋아..! 이번에도 가장 깊은 곳에 싸 줘!,可以喔……！這次也……射在最裡面……！用力射出來……！,絶頂,Được thôi...! Lần này cũng... bắn tận sâu trong tớ đi...! Hết cỡ luôn đi cậu...!
SCENE_BUTLER_AHEN_KISS_4,Kiss...,啾……,ちゅうっ…,츄웁..,啾……,キス,Chụt...
SCENE_REINA_HANDJOB_AFTER_01,Hah... hah... it's so warm... on my face...,哈啊……哈啊……脸上……有好烫的东西……,はぁ…はぁ…顔に…熱いのが…,하아.. 하아.. 얼굴에.. 따듯한 게..,哈啊……哈啊……臉上……有好燙的東西……,照れてる,Hà... hà... trên mặt em... dòng nước nóng hổi...
SCENE_MAI_DOGGY_BUNNY_CUM_02,A-aahn...! I'll take... all of it... every drop...!,啊、啊啊……！全部……全部……我都会收下的……！,あ…ああんっ…！全部…全部…もらってあげるからぁ…っ！,아.. 아앙..! 전부.. 전부.. 받아줄게..!!,啊、啊啊……！全部……全部……我都會收下的……！,絶頂,A... á...! Bởi vì tớ... sẽ đón nhận hết toàn bộ mà...!
SCENE_REINA_HANDJOB_AFTER_02,...This much... so much... y-you're amazing...,……竟然……这么多……您、您好厉害……,…こんなに…たくさん…す、すごいです…,..이렇게나.. 많이.. 당신.. 대단하네요..,……竟然……這麼多……您、您好厲害……,照れてる+感嘆,...Nhiều... nhiều thế này cơ à... đ-đỉnh thật đấy...
SCENE_REINA_HANDJOB_AFTER_03,Hah... if it felt good for you... I'm glad...,哈啊……只要您觉得舒服……我就放心了……,はぁ…あなたが、気持ちよかったなら…よかったです…,하아.. 기분 좋으셨다니.. 다행이에요..,哈啊……只要您覺得舒服……我就放心了……,余韻,Hà... anh sướng là... em vui rồi...
SCENE_MAI_STANDING_SEX_CUM_02,Ah...! Aahn...! I'll take it all... all of it...!!,啊……！啊啊……！全部……全部……我都会收下的……！ ！,あ…！ あぁん…！ 全部…全部…もらってあげるからぁ…っ！！,아..! 아앙..! 전부.. 전부.. 받아줄게..!!,啊……！啊啊……！全部……全部……我都會收下的……！！,絶頂,A...! Á...! Tớ sẽ đón nhận... toàn bộ... không chừa giọt nào đâu...!!
SCENE_BUTLER_AHEN_KISS_1,Mgh...,嗯咕……,むぐ…,읍..,嗯咕……,キス,Ưm...
SCENE_MAI_FULL_DOGGY_AFTER_01,Fuaaah... it feels too good... I don't want this to end...,呼啊啊……这么舒服……我根本不想结束……,ふあぁっ…こんな気持ちいいの…終わらせたくないんだけど……,"우옷.. 이런 기분 좋은 거, 그만두고 싶지 않아..",呼啊啊……這麼舒服……我根本不想結束……,余韻,Phù... sướng thế này... tớ chẳng muốn dừng lại chút nào cả......
SCENE_MAI_FULL_DOGGY_AFTER_02,You always... come too much...! Seriously amazing...!,你每次……都射太多了啦……！真的超棒……！,いっつも…出しすぎ……！マジ最高…！,항상 엄청난 양이네..! 너무 좋아!,你每次……都射太多了啦……！真的超棒……！,余韻,Lần nào cậu... cũng bắn nhiều kinh khủng...! Đỉnh dã man...!
SCENE_PAZUZU_AHEN_KISS_3,Mmm...,啾……,ちゅ…,츄..,啾……,キス,Chụt...
SCENE_MAI_FULL_DOGGY_AFTER_03,"Your cock and... my pussy... are seriously the perfect match, right...?",你的那根和……我的小穴……相性真的超好吧……？,あんたのちんぽと…あたしのまんこ…相性…マジ最高じゃん……？,네 자지와 내 보지 궁합 진심 최고잖아..,你的那根和……我的小穴……相性真的超好吧……？,余韻,Cặc của cậu với... bướm của tớ... đúng là hợp nhau nhất trần đời còn gì......?
SCENE_MAI_STANDING_SEX_CUM_01,It's coming...! Aah...! Inside... so much...! Your semen...!,要出来了……！啊啊……！里面……好多……！你的精液……！,出るっ…！ああん…！中…いっぱい…！あんたの精液…！,싼다..! 아앙..! 안에.. 가득..! 네 씨앗..!,要出來了……！啊啊……！裡面……好多……！你的精液……！,絶頂,Ra... ra mất...! Á...! Trong tớ... bắn ngập ngụa đi...! Tinh dịch của cậu...!
SCENE_BUTLER_AHEN_KISS_2,Mmm... ngh...,啾……嗯……,ちゅ…っ…,츄.. 읏..,啾……嗯……,キス,Chụt...
SCENE_MAI_ANAL_CAT_READY_01,"Y-you'd better... be gentle, okay...?",你、你绝对要……温柔一点喔……？,ぜ、絶対…優しくしてよね…？,바.. 반드시 상냥하게.. 해야 한다?,你、你絕對要……溫柔一點喔……？,緊張,Nh-nhất định... phải nhẹ tay thôi đấy nhé...?
SCENE_MAI_ANAL_CAT_READY_02,M-maybe... loosen up my butt a little more first...?,屁、屁股……要不要再放松一点……？,お…お尻…もうちょっとほぐしておこっか…？,어.. 엉덩이.. 조금 더 풀어 둬야 할까?,屁、屁股……要不要再放鬆一點……？,緊張,L-lỗ hậu... tớ tự nong rộng thêm tí nữa nhé...?
SCENE_MAI_ANAL_CAT_READY_03,"It's finally... going in, right...? Your cock...",终于……要进来了对吧……？你的肉棒……,いよいよ…入ってくるんだよね…？ あんたのちんぽ…,이제 들어오는 거지..? 네 자지..,終於……要進來了對吧……？你的肉棒……,緊張,Cuối cùng... cũng sắp đút vào rồi đúng không...? Con cặc của cậu...
SCENE_KONIAL_MISSIONARY_KISS_AFTER_01,Hah... hoo... y-you turned out... somewhat useful.,哈啊……呼……你、你倒是……稍微有点用。,はぁ…ふぅ…す、少しは…使えるようだな。,하아.. 흐응.. 조.. 조금 쓸만한 걸.,哈啊……呼……你、你倒是……稍微有點用。,ツンデレ+余韻,Hà... phù... ng-ngươi xem ra... cũng có ích đôi chút đấy.
SCENE_KONIAL_MISSIONARY_KISS_AFTER_02,...Well... it w-wasn't... bad... hah...,……嗯……也、也不是……不好……哈啊……,…まぁ…わ、悪く…なかったぞ…はぁっ…,"..뭐, 나.. 나쁘지 않았어.. 하읏..",……嗯……也、也不是……不好……哈啊……,ツンデレ+余韻,...Mà... c-cũng không... tệ lắm... hà...
SCENE_KONIAL_MISSIONARY_KISS_AFTER_03,"...Of course, you aren't planning to stop after once, are you...?",……当然，不会一次就结束吧……？,…もちろん、一回で終わりなんてこと、ないよな…？,"..그런데, 한 번으로 끝내진 않을 거지..?",……當然，不會一次就結束吧……？,ツンデレ+余韻,"...Tất nhiên, ngươi đâu có ý định dừng lại chỉ sau một lần đúng không...?"
SCENE_BUTLER_HJ_FELLATIO_PLAYING_04,Yes... as you wish... I shall use my tongue on every inch...,是……遵命……我会用舌头……舔遍每一个角落……,はい…かしこまりました…隅々まで、わたくしの舌で…,네.. 알겠습니다.. 구석구석 제 혀로..,是……遵命……我會用舌頭……舔遍每一個角落……,照れてる+フェラ,Vâng... em tuân lệnh... để em dùng lưỡi liếm láp từng ngóc ngách...
SCENE_MAI_PAIZURI_AFTER_02,(Lick...) Hehe... your cum is seriously thick.,（舔……）嘿嘿……你的精液也太浓了吧。,（ぺろっ）…へへ…あんたの精液…めっちゃ濃厚じゃん。,(낼름).. 헤헤.. 네 정액.. 엄청 진하네.,（舔……）嘿嘿……你的精液也太濃了吧。,笑顔,(*Liếm*)... hê hê... tinh dịch của cậu... đặc sệt luôn này.
SCENE_BUTLER_HJ_FELLATIO_PLAYING_01,Hah... *slurp*... i-is this the spot...? Very well...,哈呜……啾噗……是、是这里吗……？遵命……,はうっ…ちゅぷ…こ、こちら、でございますか…？かしこまりました…,"하읏.. 츄릅.. 이, 이쪽 말입니까..? 알겠습니다..",哈嗚……啾噗……是、是這裡嗎……？遵命……,緊張+フェラ,Á... *chụt*... l-là chỗ này phải không ạ...? Em tuân lệnh...
SCENE_MAI_PAIZURI_AFTER_03,So? How was my breast pussy... feel good to you?,怎样？我的乳交……爽吗？,どーだった？あたしのおっぱいまんこ……気持ちよかった？,어땠어? 내 젖가슴 보지.. 기분 좋았어?,怎樣？我的乳交……爽嗎？,遊び心,Sao hả? Chiêu kẹp ngực của tớ...... có sướng không?
SCENE_MAI_COWGIRL_MARKING_AFTER_01,Hah... hah... wow... I'm full of your smell...,哈啊……哈啊……好猛……全身都是你的味道……,はぁ…はぁ…すご…あんたの匂いで…いっぱい…,하아.. 하아.. 대단해.. 네 냄새로.. 가득해..,哈啊……哈啊……好猛……全身都是你的味道……,余韻,Hà... hà... đỉnh quá... ngập tràn... mùi hương của cậu rồi...
SCENE_BUTLER_HJ_FELLATIO_PLAYING_02,It has... such a distinctive taste... your cock... nn...,您的肉棒……有着很特别的味道呢……嗯嗯……,独特なお味が…いたしますね…あなたのおちんちん…んんっ…,독특한 맛이.. 나네요.. 당신의 것.. 으응..,您的肉棒……有著很特別的味道呢……嗯嗯……,照れてる+フェラ,Hương vị thật là đặc biệt... con cặc của ngài... ưm...
SCENE_BUTLER_HJ_FELLATIO_PLAYING_03,Mmm... *slurp*... such embarrassing sounds... hah...,啾……啾噗……发出了好害羞的声音……哈啊……,ちゅ…ちゅぷ…恥ずかしい音が…はぁ…,찌걱.. 찌걱.. 부끄러운 소리가.. 하아..,啾……啾噗……發出了好害羞的聲音……哈啊……,照れてる+フェラ,Chụt... *chóp chép*... phát ra âm thanh ngượng ngùng quá... hà...
SCENE_MAI_PAIZURI_AFTER_01,Hah... hah... wow... I'm covered in semen...,哈啊……哈啊……好猛……全身都是精液耶……,はぁ…はぁ…すご…精液まみれじゃん…,하아.. 하아.. 대단해.. 정액 범벅이야..,哈啊……哈啊……好猛……全身都是精液耶……,びっくり,Hà... hà... ghê thật... dính đầy tinh dịch hết rồi kìa...
SCENE_MAI_COWGIRL_MARKING_AFTER_03,Nn... don't leave yet... kiss me more...,嗯嗯……还不要离开……再多亲我一点……,んん…まだ離れないで…もっと、キスしてよ…,"으응, 아직 떨어지지 마. 좀 더 키스해 줘..",嗯嗯……還不要離開……再多親我一點……,余韻+キス,Ưm... đừng rút ra vội... hôn tớ thêm nữa đi...
SCENE_MAI_COWGIRL_MARKING_AFTER_02,Hehe... I'm all sticky with your saliva...,嘿嘿……都被你的口水弄得黏答答的……,へへ…あんたの唾液でベタベタじゃん…,헤헤.. 네 침으로 범벅됐잖아..,嘿嘿……都被你的口水弄得黏答答的……,余韻,Hê hê... dính đầy nước bọt của cậu rồi này...
SCENE_REINA_AHEN_KISS_3,Mmm...,啾……,ちゅ…,츄..,啾……,フェラキス,Chụt...
SCENE_REINA_AHEN_FELLATIO_4,Gulp...,吞……,ごくん…,꿀꺽..,吞……,フェラ,Nuốt...
SCENE_REINA_FELLATIO_PLAYING_01,Mmm... nnm... hah... nn...,啾……嗯唔……哈啊……嗯嗯……,ちゅ…んむっ…はぁ…んん…,츄.. 우읍.. 하아.. 우음..,啾……嗯唔……哈啊……嗯嗯……,フェラ,Chụt... ưm... hà... ưm...
SCENE_REINA_AHEN_FELLATIO_2,Nnmm...,嗯唔……,んむ…,우물..,嗯唔……,フェラ,Ưm...
SCENE_REINA_FELLATIO_PLAYING_02,Nn... yours... is getting harder and harder...,嗯嗯……您的……越来越硬了呢……,んん…あなたの…どんどん硬くなっていきますね…,으응.. 당신의 것.. 점점 더 단단해지고 있어요..,嗯嗯……您的……越來越硬了呢……,フェラ,Ưm... cái đó của anh... ngày càng cứng lên kìa...
SCENE_MAI_AHEN_KISS_4,*Wet kiss*...,啾噗……,ちゅぷ…,츄릅..,啾噗……,フェラ,Chụt...
SCENE_REINA_FELLATIO_PLAYING_03,Nnmm... my mouth... is so full... mmm... slurp...,嗯唔……嘴里……被塞得好满……啾……啾噜……,んむっ…お口の中が…いっぱいです…ちゅ…じゅるっ…,우웁.. 입 안에 가득해요.. 츄.. 쥬릅..,嗯唔……嘴裡……被塞得好滿……啾……啾嚕……,フェラ,Ưm... trong miệng em... ngập ngụa rồi... chụt... *chùn chụt*...
SCENE_REINA_AHEN_KISS_5,Lick...,舔……,ぺろ…,할짝..,舔……,舐める,Liếm...
SCENE_REINA_FELLATIO_PLAYING_04,Mmm... *slurp*... a little deeper... nnm... hah...,啾……啾噗……再深一点……嗯唔……哈啊……,ちゅ…ちゅぷ…もう少し深く…んむっ…はぁ…,츄.. 츕.. 좀 더 깊이.. 우읍.. 하아..,啾……啾噗……再深一點……嗯唔……哈啊……,フェラ,Chụt... *chụt*... sâu thêm tí nữa... ưm... hà...
SCENE_KONIAL_PRESS_PLAYING_01,Aaahn...! Hah...! S-stop...! Nnoooh...?!,啊啊……！哈啊……！住、住手……！嗯喔喔……？ ！,ぁあんっ…！はぁっ…！や…やめ…！んおぉぉっ…？！,아앙! 아앗..! 그.. 그만..! 오오오옷..?!,啊啊……！哈啊……！住、住手……！嗯喔喔……？！,びっくり,Á...! Hà...! D-dừng... dừng lại...! Ôi...?!
SCENE_KONIAL_PRESS_PLAYING_02,W-wait... oho...! C-calm down...! Hii?!,等、等一下……喔呵……！冷、冷静点……！咿？ ！,ちょっ……おほっ…！お、落ち着い…！ひいっ？！,잠까안.. 오옷..! 지.. 진정하고..! 이힛?!,等、等一下……喔呵……！冷、冷靜點……！咿？！,びっくり,Khoan...... á...! B-bình tĩnh...! Á?!
SCENE_KONIAL_PRESS_PLAYING_03,Nnooh...! Ngh...! S-so... so deep...!,嗯喔喔……！呜呃……！好、好……好深……！,んおぉっ…！ぐぅ…ッ！す、すごく…すごく深いぃ…～ッ！,오오옷..! 으응..!! 너무.. 너무 깊어..!!,嗯喔喔……！嗚呃……！好、好……好深……！,精神/心+おほ声 (壊れた喘ぎ声),Ôi...! Ư...! S-sâu... sâu quá đi mất...!
SCENE_KONIAL_PRESS_PLAYING_04,Ohoh...! O-oh... ogoh...!,喔呵……！喔、喔……喔咕……！,おほぉっ…！おっ…おごぉっ…！,오오옷..! 오오오옷..!!,喔呵……！喔、喔……喔咕……！,精神/心+おほ声 (壊れた喘ぎ声),A...! Ư...!
SCENE_REINA_MISSIONARY_KISS_PLAYING_04,I-I love you... I love you... aah...!,我、我爱你……最爱你了……啊啊……！,あ、愛してます…あなたを…ああん…！,사.. 사랑해요.. 당신.. 아앙..!,我、我愛你……最愛你了……啊啊……！,照れてる,E-em yêu anh... yêu anh nhiều lắm... á...!
SCENE_REINA_HANDJOB_PLAYING_01,Hah... like this... up and down...,哈啊……像这样……上下……,はぁ…こうして…上下に…,하읏.. 이렇게.. 위아래로..,哈啊……像這樣……上下……,照れてる,Hà... cứ thế này... tuốt lên tuốt xuống...
SCENE_REINA_MISSIONARY_KISS_PLAYING_03,Nn... I can hear... your heartbeat... hah...,嗯……我听得到……你的心跳声……哈啊……,んぅ…あなたの心臓の音…聞こえてます…はぁ…,으응.. 당신의 심장소리.. 들리고 있어.. 하아..,嗯……我聽得到……你的心跳聲……哈啊……,照れてる,Ưm... em nghe thấy... tiếng tim anh đập rồi... hà...
SCENE_CALL_REINA_ELNIKO,Elniko,Elniko,えるにこ,Elniko,Elniko,待機,Elniko
SCENE_REINA_HANDJOB_PLAYING_02,I-it's getting bigger... in my hand... Does it feel good?,它、它在我的手里……变大了……舒服吗？,わ、私の手の中で……大きくなってる……気持ちいい、ですか？,제.. 제 손에서.. 커지고 있어요.. 기분 좋으세요?,它、它在我的手裡……變大了……舒服嗎？,びっくり,N-nó đang to dần lên... trong tay em này... Anh có sướng không ạ?
SCENE_REINA_MISSIONARY_KISS_PLAYING_02,"Hah... it's embarrassing, but... please look into my eyes more...",哈啊……虽然很害羞……但请你多看着我的眼睛……,はぅっ…恥ずかしいですけど…もっと目、合わせてください…,하읏.. 부끄럽지만.. 눈 더 마주쳐 주세요..,哈啊……雖然很害羞……但請你多看著我的眼睛……,照れてる,Á... tuy ngượng lắm nhưng... anh hãy nhìn thẳng vào mắt em đi...
SCENE_REINA_HANDJOB_PLAYING_03,Something slippery is coming out... now it slides even better...,有什么黏黏的东西流出来了……变得更滑了呢……,何かとろっとしたのが出て…もっとヌルヌルになりましたね…,무언가 끈적한 게 나와서.. 더 미끌거려요..,有什麼黏黏的東西流出來了……變得更滑了呢……,照れてる,Có chất nhờn chảy ra rồi... trơn tuột hơn hẳn anh nhỉ...
SCENE_REINA_MISSIONARY_KISS_PLAYING_01,Mmm... aah...! Yes... doing it while we kiss... makes it even...,啾……啊啊……！好棒……一边接吻一边做……会更……,ちゅぅ…ああん…！いいです…キスしながら…すると…もっと…,츄웁.. 아앙..! 좋아요.. 키스하면서.. 하니까.. 더..,啾……啊啊……！好棒……一邊接吻一邊做……會更……,キス,Chụt... á...! Thích quá... vừa hôn vừa làm... sẽ càng sướng hơn...
SCENE_REINA_HANDJOB_PLAYING_04,Hah... my hand... smells so lewd now...,哈啊……我的手……沾上好色情的味道了……,はぁ…私の手に…いやらしい匂いが…ついちゃいました…,하아.. 제 손에.. 야한 냄새가.. 배어버렸어요..,哈啊……我的手……沾上好色情的味道了……,興味,Hà... tay em... bị vương mùi kích thích mất rồi...
SCENE_MAI_ANAL_CAT_AFTER_01,Ngh... nn... can't believe you really came inside...,嗯呃……嗯嗯……你竟然真的射进来了……,んぐっ…んん…ほんとに出しちゃうなんて…,으긋.. 으응.. 정말로 싸 버리다니..,嗯呃……嗯嗯……你竟然真的射進來了……,余韻,Ực... ưm... không ngờ cậu bắn vào trong thật luôn...
SCENE_REINA_AHEN_FELLATIO_3,Ngh...,嗯……,っ…,읏..,嗯……,喘ぎ,Ư...
SCENE_REINA_AHEN_7,Nn...!,嗯……！,んっ…！,응..!,嗯……！,喘ぎ,Ưm...!
SCENE_MAI_ANAL_CAT_AFTER_03,"...Mmm... it might not be bad... hurts a little, though...",……嗯……好像也不坏……虽然有点痛就是了……,…んー…悪くないかも…ちょい痛いけどさ…,..으응.. 나쁘지 않네.. 아프긴 하지만..,……嗯……好像也不壞……雖然有點痛就是了……,余韻+笑顔,...Ưm... cũng không tệ lắm... hơi thốn chút thôi...
SCENE_MAI_AHEN_4,Ah...!,啊……！,あっ…！,앗..!,啊……！,喘ぎ,Á...!
SCENE_MAI_ANAL_CAT_AFTER_02,...I never thought... the whole thing would fit...,……没想到……竟然真的整根都进来了……,…まさか全部入るとか…思わなかったし…,..설마 전부 들어올 줄 몰랐어..,……沒想到……竟然真的整根都進來了……,余韻,...Tớ không ngờ... đút sâu hết lút cán được luôn đấy...
SCENE_BUTLER_AHEN_5,Kyan...!,呀嗯……！,きゃんっ…！,꺄앙..!,呀嗯……！,喘ぎ,Á...!
SCENE_BUTLER_AHEN_2,...Hoo...,……呼……,…ふぅっ…,..흐읏..,……呼……,喘ぎ,...Phù...
SCENE_REINA_AHEN_4,Ah...!,啊……！,あ…！,아..!,啊……！,喘ぎ,Á...!
SCENE_BUTLER_AHEN_1,...Hah...,……哈呜……,…はぅ…,..하으..,……哈嗚……,喘ぎ,...Ư...
SCENE_REINA_AHEN_8,Hah...,哈啊……,はぁ…,하아..,哈啊……,喘ぎ,Hà...
SCENE_BUTLER_AHEN_9,...Kuh...,……呃……,…くっ…,..흣..,……呃……,喘ぎ,...Ư...
SCENE_MAI_DOGGY_DOOR_AFTER_03,My belly... is packed full... with your semen...,肚子里……被你的精液……撑得好满……,お腹ん中まで…パンパンじゃん…あんたの精液…,뱃속까지 가득 차 버렸어.. 네 정액..,肚子裡……被你的精液……撐得好滿……,余韻,Trong bụng tớ... căng tràn luôn rồi... toàn là tinh dịch của cậu...